{
"type": "FeatureCollection",
"name": "at_risk_buildings",
"crs": { "type": "name", "properties": { "name": "urn:ogc:def:crs:EPSG::26911" } },
"features": [
{ "type": "Feature", "properties": { "area_m2": 272.87999999328053, "perimeter_m": 162.00000000488944, "distance_to_river_m": 0.097708599754948666 }, "geometry": { "type": "Polygon", "coordinates": [ [ [ 456433.799999999988358, 5277279.0 ], [ 456433.799999999988358, 5277277.799999999813735 ], [ 456432.0, 5277277.799999999813735 ], [ 456432.0, 5277277.200000000186265 ], [ 456431.399999999965075, 5277277.200000000186265 ], [ 456431.399999999965075, 5277276.599999999627471 ], [ 456430.200000000011642, 5277276.599999999627471 ], [ 456430.200000000011642, 5277277.200000000186265 ], [ 456429.599999999976717, 5277277.200000000186265 ], [ 456429.599999999976717, 5277277.799999999813735 ], [ 456427.799999999988358, 5277277.799999999813735 ], [ 456427.799999999988358, 5277278.400000000372529 ], [ 456427.200000000011642, 5277278.400000000372529 ], [ 456427.200000000011642, 5277277.799999999813735 ], [ 456426.0, 5277277.799999999813735 ], [ 456426.0, 5277278.400000000372529 ], [ 456425.399999999965075, 5277278.400000000372529 ], [ 456425.399999999965075, 5277277.799999999813735 ], [ 456423.0, 5277277.799999999813735 ], [ 456423.0, 5277277.200000000186265 ], [ 456421.200000000011642, 5277277.200000000186265 ], [ 456421.200000000011642, 5277276.599999999627471 ], [ 456419.399999999965075, 5277276.599999999627471 ], [ 456419.399999999965075, 5277276.0 ], [ 456418.799999999988358, 5277276.0 ], [ 456418.799999999988358, 5277275.400000000372529 ], [ 456417.599999999976717, 5277275.400000000372529 ], [ 456417.599999999976717, 5277276.0 ], [ 456418.200000000011642, 5277276.0 ], [ 456418.200000000011642, 5277276.599999999627471 ], [ 456416.399999999965075, 5277276.599999999627471 ], [ 456416.399999999965075, 5277277.200000000186265 ], [ 456415.799999999988358, 5277277.200000000186265 ], [ 456415.799999999988358, 5277276.599999999627471 ], [ 456415.200000000011642, 5277276.599999999627471 ], [ 456415.200000000011642, 5277277.200000000186265 ], [ 456414.0, 5277277.200000000186265 ], [ 456414.0, 5277276.599999999627471 ], [ 456413.399999999965075, 5277276.599999999627471 ], [ 456413.399999999965075, 5277276.0 ], [ 456409.200000000011642, 5277276.0 ], [ 456409.200000000011642, 5277275.400000000372529 ], [ 456408.599999999976717, 5277275.400000000372529 ], [ 456408.599999999976717, 5277276.0 ], [ 456408.0, 5277276.0 ], [ 456408.0, 5277275.400000000372529 ], [ 456406.799999999988358, 5277275.400000000372529 ], [ 456406.799999999988358, 5277274.799999999813735 ], [ 456407.399999999965075, 5277274.799999999813735 ], [ 456407.399999999965075, 5277274.200000000186265 ], [ 456406.200000000011642, 5277274.200000000186265 ], [ 456406.200000000011642, 5277273.599999999627471 ], [ 456406.799999999988358, 5277273.599999999627471 ], [ 456406.799999999988358, 5277273.0 ], [ 456405.599999999976717, 5277273.0 ], [ 456405.599999999976717, 5277271.200000000186265 ], [ 456407.399999999965075, 5277271.200000000186265 ], [ 456407.399999999965075, 5277270.599999999627471 ], [ 456405.599999999976717, 5277270.599999999627471 ], [ 456405.599999999976717, 5277270.0 ], [ 456407.399999999965075, 5277270.0 ], [ 456407.399999999965075, 5277268.799999999813735 ], [ 456408.599999999976717, 5277268.799999999813735 ], [ 456408.599999999976717, 5277269.400000000372529 ], [ 456409.200000000011642, 5277269.400000000372529 ], [ 456409.200000000011642, 5277270.0 ], [ 456412.799999999988358, 5277270.0 ], [ 456412.799999999988358, 5277270.599999999627471 ], [ 456410.399999999965075, 5277270.599999999627471 ], [ 456410.399999999965075, 5277271.200000000186265 ], [ 456412.799999999988358, 5277271.200000000186265 ], [ 456412.799999999988358, 5277272.400000000372529 ], [ 456415.200000000011642, 5277272.400000000372529 ], [ 456415.200000000011642, 5277273.0 ], [ 456414.599999999976717, 5277273.0 ], [ 456414.599999999976717, 5277273.599999999627471 ], [ 456415.200000000011642, 5277273.599999999627471 ], [ 456415.200000000011642, 5277274.200000000186265 ], [ 456415.799999999988358, 5277274.200000000186265 ], [ 456415.799999999988358, 5277273.599999999627471 ], [ 456416.399999999965075, 5277273.599999999627471 ], [ 456416.399999999965075, 5277274.799999999813735 ], [ 456418.799999999988358, 5277274.799999999813735 ], [ 456418.799999999988358, 5277273.599999999627471 ], [ 456419.399999999965075, 5277273.599999999627471 ], [ 456419.399999999965075, 5277273.0 ], [ 456418.799999999988358, 5277273.0 ], [ 456418.799999999988358, 5277272.400000000372529 ], [ 456420.0, 5277272.400000000372529 ], [ 456420.0, 5277271.799999999813735 ], [ 456421.200000000011642, 5277271.799999999813735 ], [ 456421.200000000011642, 5277271.200000000186265 ], [ 456423.599999999976717, 5277271.200000000186265 ], [ 456423.599999999976717, 5277270.599999999627471 ], [ 456422.399999999965075, 5277270.599999999627471 ], [ 456422.399999999965075, 5277270.0 ], [ 456426.0, 5277270.0 ], [ 456426.0, 5277271.200000000186265 ], [ 456431.399999999965075, 5277271.200000000186265 ], [ 456431.399999999965075, 5277270.599999999627471 ], [ 456432.0, 5277270.599999999627471 ], [ 456432.0, 5277270.0 ], [ 456433.200000000011642, 5277270.0 ], [ 456433.200000000011642, 5277269.400000000372529 ], [ 456435.599999999976717, 5277269.400000000372529 ], [ 456435.599999999976717, 5277268.799999999813735 ], [ 456436.200000000011642, 5277268.799999999813735 ], [ 456436.200000000011642, 5277269.400000000372529 ], [ 456438.0, 5277269.400000000372529 ], [ 456438.0, 5277268.799999999813735 ], [ 456440.399999999965075, 5277268.799999999813735 ], [ 456440.399999999965075, 5277268.200000000186265 ], [ 456441.0, 5277268.200000000186265 ], [ 456441.0, 5277268.799999999813735 ], [ 456444.0, 5277268.799999999813735 ], [ 456444.0, 5277269.400000000372529 ], [ 456444.599999999976717, 5277269.400000000372529 ], [ 456444.599999999976717, 5277270.599999999627471 ], [ 456446.399999999965075, 5277270.599999999627471 ], [ 456446.399999999965075, 5277271.200000000186265 ], [ 456448.200000000011642, 5277271.200000000186265 ], [ 456448.200000000011642, 5277271.799999999813735 ], [ 456449.399999999965075, 5277271.799999999813735 ], [ 456449.399999999965075, 5277272.400000000372529 ], [ 456448.799999999988358, 5277272.400000000372529 ], [ 456448.799999999988358, 5277273.0 ], [ 456448.200000000011642, 5277273.0 ], [ 456448.200000000011642, 5277274.200000000186265 ], [ 456447.599999999976717, 5277274.200000000186265 ], [ 456447.599999999976717, 5277275.400000000372529 ], [ 456445.799999999988358, 5277275.400000000372529 ], [ 456445.799999999988358, 5277276.599999999627471 ], [ 456444.599999999976717, 5277276.599999999627471 ], [ 456444.599999999976717, 5277277.200000000186265 ], [ 456444.0, 5277277.200000000186265 ], [ 456444.0, 5277277.799999999813735 ], [ 456438.599999999976717, 5277277.799999999813735 ], [ 456438.599999999976717, 5277278.400000000372529 ], [ 456442.799999999988358, 5277278.400000000372529 ], [ 456442.799999999988358, 5277279.0 ], [ 456433.799999999988358, 5277279.0 ] ] ] } },
{ "type": "Feature", "properties": { "area_m2": 129.60000000171132, "perimeter_m": 75.600000001490116, "distance_to_river_m": 2.6191031438098773 }, "geometry": { "type": "Polygon", "coordinates": [ [ [ 456281.399999999965075, 5277273.599999999627471 ], [ 456281.399999999965075, 5277273.0 ], [ 456280.799999999988358, 5277273.0 ], [ 456280.799999999988358, 5277272.400000000372529 ], [ 456280.200000000011642, 5277272.400000000372529 ], [ 456280.200000000011642, 5277270.0 ], [ 456279.599999999976717, 5277270.0 ], [ 456279.599999999976717, 5277268.200000000186265 ], [ 456279.0, 5277268.200000000186265 ], [ 456279.0, 5277267.599999999627471 ], [ 456279.599999999976717, 5277267.599999999627471 ], [ 456279.599999999976717, 5277267.0 ], [ 456280.799999999988358, 5277267.0 ], [ 456280.799999999988358, 5277266.400000000372529 ], [ 456279.0, 5277266.400000000372529 ], [ 456279.0, 5277265.799999999813735 ], [ 456278.399999999965075, 5277265.799999999813735 ], [ 456278.399999999965075, 5277263.400000000372529 ], [ 456279.0, 5277263.400000000372529 ], [ 456279.0, 5277264.0 ], [ 456279.599999999976717, 5277264.0 ], [ 456279.599999999976717, 5277262.200000000186265 ], [ 456280.799999999988358, 5277262.200000000186265 ], [ 456280.799999999988358, 5277261.599999999627471 ], [ 456281.399999999965075, 5277261.599999999627471 ], [ 456281.399999999965075, 5277262.799999999813735 ], [ 456282.0, 5277262.799999999813735 ], [ 456282.0, 5277261.599999999627471 ], [ 456283.200000000011642, 5277261.599999999627471 ], [ 456283.200000000011642, 5277262.799999999813735 ], [ 456284.399999999965075, 5277262.799999999813735 ], [ 456284.399999999965075, 5277262.200000000186265 ], [ 456285.0, 5277262.200000000186265 ], [ 456285.0, 5277263.400000000372529 ], [ 456285.599999999976717, 5277263.400000000372529 ], [ 456285.599999999976717, 5277265.200000000186265 ], [ 456286.200000000011642, 5277265.200000000186265 ], [ 456286.200000000011642, 5277264.599999999627471 ], [ 456286.799999999988358, 5277264.599999999627471 ], [ 456286.799999999988358, 5277265.200000000186265 ], [ 456287.399999999965075, 5277265.200000000186265 ], [ 456287.399999999965075, 5277266.400000000372529 ], [ 456288.0, 5277266.400000000372529 ], [ 456288.0, 5277265.200000000186265 ], [ 456288.599999999976717, 5277265.200000000186265 ], [ 456288.599999999976717, 5277264.599999999627471 ], [ 456288.0, 5277264.599999999627471 ], [ 456288.0, 5277264.0 ], [ 456288.599999999976717, 5277264.0 ], [ 456288.599999999976717, 5277262.799999999813735 ], [ 456289.200000000011642, 5277262.799999999813735 ], [ 456289.200000000011642, 5277263.400000000372529 ], [ 456291.0, 5277263.400000000372529 ], [ 456291.0, 5277264.0 ], [ 456291.599999999976717, 5277264.0 ], [ 456291.599999999976717, 5277265.200000000186265 ], [ 456292.200000000011642, 5277265.200000000186265 ], [ 456292.200000000011642, 5277264.599999999627471 ], [ 456292.799999999988358, 5277264.599999999627471 ], [ 456292.799999999988358, 5277266.400000000372529 ], [ 456293.399999999965075, 5277266.400000000372529 ], [ 456293.399999999965075, 5277267.0 ], [ 456294.0, 5277267.0 ], [ 456294.0, 5277271.200000000186265 ], [ 456293.399999999965075, 5277271.200000000186265 ], [ 456293.399999999965075, 5277271.799999999813735 ], [ 456292.799999999988358, 5277271.799999999813735 ], [ 456292.799999999988358, 5277272.400000000372529 ], [ 456291.599999999976717, 5277272.400000000372529 ], [ 456291.599999999976717, 5277273.0 ], [ 456291.0, 5277273.0 ], [ 456291.0, 5277272.400000000372529 ], [ 456286.200000000011642, 5277272.400000000372529 ], [ 456286.200000000011642, 5277273.0 ], [ 456283.200000000011642, 5277273.0 ], [ 456283.200000000011642, 5277273.599999999627471 ], [ 456281.399999999965075, 5277273.599999999627471 ] ] ] } },
{ "type": "Feature", "properties": { "area_m2": 115.1999999993015, "perimeter_m": 63.599999997299165, "distance_to_river_m": 4.561451263640409 }, "geometry": { "type": "Polygon", "coordinates": [ [ [ 455898.0, 5277252.599999999627471 ], [ 455898.0, 5277252.0 ], [ 455895.0, 5277252.0 ], [ 455895.0, 5277250.799999999813735 ], [ 455894.399999999965075, 5277250.799999999813735 ], [ 455894.399999999965075, 5277250.200000000186265 ], [ 455895.0, 5277250.200000000186265 ], [ 455895.0, 5277249.599999999627471 ], [ 455893.799999999988358, 5277249.599999999627471 ], [ 455893.799999999988358, 5277248.400000000372529 ], [ 455893.200000000011642, 5277248.400000000372529 ], [ 455893.200000000011642, 5277247.799999999813735 ], [ 455893.799999999988358, 5277247.799999999813735 ], [ 455893.799999999988358, 5277246.0 ], [ 455893.200000000011642, 5277246.0 ], [ 455893.200000000011642, 5277243.0 ], [ 455893.799999999988358, 5277243.0 ], [ 455893.799999999988358, 5277243.599999999627471 ], [ 455894.399999999965075, 5277243.599999999627471 ], [ 455894.399999999965075, 5277242.400000000372529 ], [ 455895.0, 5277242.400000000372529 ], [ 455895.0, 5277241.799999999813735 ], [ 455896.200000000011642, 5277241.799999999813735 ], [ 455896.200000000011642, 5277241.200000000186265 ], [ 455896.799999999988358, 5277241.200000000186265 ], [ 455896.799999999988358, 5277242.400000000372529 ], [ 455898.0, 5277242.400000000372529 ], [ 455898.0, 5277241.799999999813735 ], [ 455898.599999999976717, 5277241.799999999813735 ], [ 455898.599999999976717, 5277243.0 ], [ 455899.200000000011642, 5277243.0 ], [ 455899.200000000011642, 5277242.400000000372529 ], [ 455899.799999999988358, 5277242.400000000372529 ], [ 455899.799999999988358, 5277243.0 ], [ 455900.399999999965075, 5277243.0 ], [ 455900.399999999965075, 5277242.400000000372529 ], [ 455901.0, 5277242.400000000372529 ], [ 455901.0, 5277243.0 ], [ 455902.200000000011642, 5277243.0 ], [ 455902.200000000011642, 5277242.400000000372529 ], [ 455901.599999999976717, 5277242.400000000372529 ], [ 455901.599999999976717, 5277241.799999999813735 ], [ 455902.799999999988358, 5277241.799999999813735 ], [ 455902.799999999988358, 5277242.400000000372529 ], [ 455904.0, 5277242.400000000372529 ], [ 455904.0, 5277243.0 ], [ 455905.200000000011642, 5277243.0 ], [ 455905.200000000011642, 5277243.599999999627471 ], [ 455905.799999999988358, 5277243.599999999627471 ], [ 455905.799999999988358, 5277243.0 ], [ 455906.399999999965075, 5277243.0 ], [ 455906.399999999965075, 5277244.200000000186265 ], [ 455905.200000000011642, 5277244.200000000186265 ], [ 455905.200000000011642, 5277247.799999999813735 ], [ 455906.399999999965075, 5277247.799999999813735 ], [ 455906.399999999965075, 5277252.0 ], [ 455898.599999999976717, 5277252.0 ], [ 455898.599999999976717, 5277252.599999999627471 ], [ 455898.0, 5277252.599999999627471 ] ] ] } },
{ "type": "Feature", "properties": { "area_m2": 145.44000000006284, "perimeter_m": 87.599999998696148, "distance_to_river_m": 0.19096015340312417 }, "geometry": { "type": "Polygon", "coordinates": [ [ [ 455921.399999999965075, 5277252.0 ], [ 455921.399999999965075, 5277251.400000000372529 ], [ 455919.0, 5277251.400000000372529 ], [ 455919.0, 5277250.799999999813735 ], [ 455918.399999999965075, 5277250.799999999813735 ], [ 455918.399999999965075, 5277250.200000000186265 ], [ 455917.799999999988358, 5277250.200000000186265 ], [ 455917.799999999988358, 5277249.599999999627471 ], [ 455917.200000000011642, 5277249.599999999627471 ], [ 455917.200000000011642, 5277246.0 ], [ 455916.599999999976717, 5277246.0 ], [ 455916.599999999976717, 5277246.599999999627471 ], [ 455916.0, 5277246.599999999627471 ], [ 455916.0, 5277244.799999999813735 ], [ 455915.399999999965075, 5277244.799999999813735 ], [ 455915.399999999965075, 5277246.599999999627471 ], [ 455914.799999999988358, 5277246.599999999627471 ], [ 455914.799999999988358, 5277246.0 ], [ 455914.200000000011642, 5277246.0 ], [ 455914.200000000011642, 5277245.400000000372529 ], [ 455914.799999999988358, 5277245.400000000372529 ], [ 455914.799999999988358, 5277244.799999999813735 ], [ 455913.599999999976717, 5277244.799999999813735 ], [ 455913.599999999976717, 5277244.200000000186265 ], [ 455913.0, 5277244.200000000186265 ], [ 455913.0, 5277243.599999999627471 ], [ 455914.799999999988358, 5277243.599999999627471 ], [ 455914.799999999988358, 5277243.0 ], [ 455915.399999999965075, 5277243.0 ], [ 455915.399999999965075, 5277243.599999999627471 ], [ 455916.0, 5277243.599999999627471 ], [ 455916.0, 5277243.0 ], [ 455917.200000000011642, 5277243.0 ], [ 455917.200000000011642, 5277242.400000000372529 ], [ 455916.0, 5277242.400000000372529 ], [ 455916.0, 5277241.799999999813735 ], [ 455918.399999999965075, 5277241.799999999813735 ], [ 455918.399999999965075, 5277241.200000000186265 ], [ 455922.0, 5277241.200000000186265 ], [ 455922.0, 5277240.599999999627471 ], [ 455922.599999999976717, 5277240.599999999627471 ], [ 455922.599999999976717, 5277239.400000000372529 ], [ 455927.399999999965075, 5277239.400000000372529 ], [ 455927.399999999965075, 5277238.799999999813735 ], [ 455929.200000000011642, 5277238.799999999813735 ], [ 455929.200000000011642, 5277239.400000000372529 ], [ 455929.799999999988358, 5277239.400000000372529 ], [ 455929.799999999988358, 5277238.799999999813735 ], [ 455931.0, 5277238.799999999813735 ], [ 455931.0, 5277239.400000000372529 ], [ 455932.799999999988358, 5277239.400000000372529 ], [ 455932.799999999988358, 5277240.0 ], [ 455931.0, 5277240.0 ], [ 455931.0, 5277241.200000000186265 ], [ 455931.599999999976717, 5277241.200000000186265 ], [ 455931.599999999976717, 5277242.400000000372529 ], [ 455931.0, 5277242.400000000372529 ], [ 455931.0, 5277243.0 ], [ 455933.399999999965075, 5277243.0 ], [ 455933.399999999965075, 5277243.599999999627471 ], [ 455934.599999999976717, 5277243.599999999627471 ], [ 455934.599999999976717, 5277244.200000000186265 ], [ 455931.0, 5277244.200000000186265 ], [ 455931.0, 5277244.799999999813735 ], [ 455928.0, 5277244.799999999813735 ], [ 455928.0, 5277246.0 ], [ 455927.399999999965075, 5277246.0 ], [ 455927.399999999965075, 5277247.200000000186265 ], [ 455926.799999999988358, 5277247.200000000186265 ], [ 455926.799999999988358, 5277249.0 ], [ 455927.399999999965075, 5277249.0 ], [ 455927.399999999965075, 5277249.599999999627471 ], [ 455926.799999999988358, 5277249.599999999627471 ], [ 455926.799999999988358, 5277250.799999999813735 ], [ 455925.599999999976717, 5277250.799999999813735 ], [ 455925.599999999976717, 5277252.0 ], [ 455924.399999999965075, 5277252.0 ], [ 455924.399999999965075, 5277251.400000000372529 ], [ 455922.0, 5277251.400000000372529 ], [ 455922.0, 5277252.0 ], [ 455921.399999999965075, 5277252.0 ] ] ] } },
{ "type": "Feature", "properties": { "area_m2": 115.92000000186498, "perimeter_m": 57.600000000558794, "distance_to_river_m": 0.0 }, "geometry": { "type": "Polygon", "coordinates": [ [ [ 455986.799999999988358, 5277248.400000000372529 ], [ 455986.799999999988358, 5277247.799999999813735 ], [ 455983.200000000011642, 5277247.799999999813735 ], [ 455983.200000000011642, 5277247.200000000186265 ], [ 455982.599999999976717, 5277247.200000000186265 ], [ 455982.599999999976717, 5277246.0 ], [ 455982.0, 5277246.0 ], [ 455982.0, 5277244.799999999813735 ], [ 455981.399999999965075, 5277244.799999999813735 ], [ 455981.399999999965075, 5277243.0 ], [ 455982.0, 5277243.0 ], [ 455982.0, 5277241.200000000186265 ], [ 455983.200000000011642, 5277241.200000000186265 ], [ 455983.200000000011642, 5277240.599999999627471 ], [ 455984.399999999965075, 5277240.599999999627471 ], [ 455984.399999999965075, 5277239.400000000372529 ], [ 455985.0, 5277239.400000000372529 ], [ 455985.0, 5277238.799999999813735 ], [ 455989.799999999988358, 5277238.799999999813735 ], [ 455989.799999999988358, 5277238.200000000186265 ], [ 455992.200000000011642, 5277238.200000000186265 ], [ 455992.200000000011642, 5277238.799999999813735 ], [ 455996.399999999965075, 5277238.799999999813735 ], [ 455996.399999999965075, 5277239.400000000372529 ], [ 455997.599999999976717, 5277239.400000000372529 ], [ 455997.599999999976717, 5277240.0 ], [ 455996.399999999965075, 5277240.0 ], [ 455996.399999999965075, 5277240.599999999627471 ], [ 455997.599999999976717, 5277240.599999999627471 ], [ 455997.599999999976717, 5277241.200000000186265 ], [ 455998.200000000011642, 5277241.200000000186265 ], [ 455998.200000000011642, 5277242.400000000372529 ], [ 455997.599999999976717, 5277242.400000000372529 ], [ 455997.599999999976717, 5277243.0 ], [ 455998.200000000011642, 5277243.0 ], [ 455998.200000000011642, 5277244.200000000186265 ], [ 455997.0, 5277244.200000000186265 ], [ 455997.0, 5277244.799999999813735 ], [ 455995.200000000011642, 5277244.799999999813735 ], [ 455995.200000000011642, 5277245.400000000372529 ], [ 455992.200000000011642, 5277245.400000000372529 ], [ 455992.200000000011642, 5277246.0 ], [ 455989.799999999988358, 5277246.0 ], [ 455989.799999999988358, 5277246.599999999627471 ], [ 455988.599999999976717, 5277246.599999999627471 ], [ 455988.599999999976717, 5277247.200000000186265 ], [ 455988.0, 5277247.200000000186265 ], [ 455988.0, 5277248.400000000372529 ], [ 455986.799999999988358, 5277248.400000000372529 ] ] ] } },
{ "type": "Feature", "properties": { "area_m2": 94.679999998798593, "perimeter_m": 65.999999995226972, "distance_to_river_m": 0.0 }, "geometry": { "type": "Polygon", "coordinates": [ [ [ 455942.399999999965075, 5277247.799999999813735 ], [ 455942.399999999965075, 5277247.200000000186265 ], [ 455940.599999999976717, 5277247.200000000186265 ], [ 455940.599999999976717, 5277246.599999999627471 ], [ 455938.799999999988358, 5277246.599999999627471 ], [ 455938.799999999988358, 5277246.0 ], [ 455937.599999999976717, 5277246.0 ], [ 455937.599999999976717, 5277245.400000000372529 ], [ 455937.0, 5277245.400000000372529 ], [ 455937.0, 5277244.799999999813735 ], [ 455936.399999999965075, 5277244.799999999813735 ], [ 455936.399999999965075, 5277244.200000000186265 ], [ 455935.200000000011642, 5277244.200000000186265 ], [ 455935.200000000011642, 5277243.599999999627471 ], [ 455936.399999999965075, 5277243.599999999627471 ], [ 455936.399999999965075, 5277241.799999999813735 ], [ 455937.0, 5277241.799999999813735 ], [ 455937.0, 5277241.200000000186265 ], [ 455938.200000000011642, 5277241.200000000186265 ], [ 455938.200000000011642, 5277240.599999999627471 ], [ 455938.799999999988358, 5277240.599999999627471 ], [ 455938.799999999988358, 5277239.400000000372529 ], [ 455939.399999999965075, 5277239.400000000372529 ], [ 455939.399999999965075, 5277238.799999999813735 ], [ 455942.399999999965075, 5277238.799999999813735 ], [ 455942.399999999965075, 5277238.200000000186265 ], [ 455943.0, 5277238.200000000186265 ], [ 455943.0, 5277238.799999999813735 ], [ 455944.200000000011642, 5277238.799999999813735 ], [ 455944.200000000011642, 5277238.200000000186265 ], [ 455944.799999999988358, 5277238.200000000186265 ], [ 455944.799999999988358, 5277238.799999999813735 ], [ 455945.399999999965075, 5277238.799999999813735 ], [ 455945.399999999965075, 5277238.200000000186265 ], [ 455946.0, 5277238.200000000186265 ], [ 455946.0, 5277238.799999999813735 ], [ 455946.599999999976717, 5277238.799999999813735 ], [ 455946.599999999976717, 5277239.400000000372529 ], [ 455947.200000000011642, 5277239.400000000372529 ], [ 455947.200000000011642, 5277240.0 ], [ 455946.599999999976717, 5277240.0 ], [ 455946.599999999976717, 5277241.200000000186265 ], [ 455947.799999999988358, 5277241.200000000186265 ], [ 455947.799999999988358, 5277241.799999999813735 ], [ 455948.399999999965075, 5277241.799999999813735 ], [ 455948.399999999965075, 5277242.400000000372529 ], [ 455949.599999999976717, 5277242.400000000372529 ], [ 455949.599999999976717, 5277243.0 ], [ 455950.200000000011642, 5277243.0 ], [ 455950.200000000011642, 5277242.400000000372529 ], [ 455950.799999999988358, 5277242.400000000372529 ], [ 455950.799999999988358, 5277241.799999999813735 ], [ 455951.399999999965075, 5277241.799999999813735 ], [ 455951.399999999965075, 5277241.200000000186265 ], [ 455952.599999999976717, 5277241.200000000186265 ], [ 455952.599999999976717, 5277242.400000000372529 ], [ 455953.200000000011642, 5277242.400000000372529 ], [ 455953.200000000011642, 5277243.0 ], [ 455952.599999999976717, 5277243.0 ], [ 455952.599999999976717, 5277244.799999999813735 ], [ 455951.399999999965075, 5277244.799999999813735 ], [ 455951.399999999965075, 5277244.200000000186265 ], [ 455950.799999999988358, 5277244.200000000186265 ], [ 455950.799999999988358, 5277244.799999999813735 ], [ 455949.599999999976717, 5277244.799999999813735 ], [ 455949.599999999976717, 5277244.200000000186265 ], [ 455948.399999999965075, 5277244.200000000186265 ], [ 455948.399999999965075, 5277244.799999999813735 ], [ 455947.799999999988358, 5277244.799999999813735 ], [ 455947.799999999988358, 5277246.0 ], [ 455946.599999999976717, 5277246.0 ], [ 455946.599999999976717, 5277246.599999999627471 ], [ 455944.799999999988358, 5277246.599999999627471 ], [ 455944.799999999988358, 5277247.799999999813735 ], [ 455944.200000000011642, 5277247.799999999813735 ], [ 455944.200000000011642, 5277247.200000000186265 ], [ 455943.0, 5277247.200000000186265 ], [ 455943.0, 5277247.799999999813735 ], [ 455942.399999999965075, 5277247.799999999813735 ] ] ] } },
{ "type": "Feature", "properties": { "area_m2": 121.31999999687076, "perimeter_m": 81.600000002421439, "distance_to_river_m": 0.0 }, "geometry": { "type": "Polygon", "coordinates": [ [ [ 456010.799999999988358, 5277250.200000000186265 ], [ 456010.799999999988358, 5277249.599999999627471 ], [ 456007.799999999988358, 5277249.599999999627471 ], [ 456007.799999999988358, 5277249.0 ], [ 456007.200000000011642, 5277249.0 ], [ 456007.200000000011642, 5277246.599999999627471 ], [ 456006.0, 5277246.599999999627471 ], [ 456006.0, 5277243.599999999627471 ], [ 456006.599999999976717, 5277243.599999999627471 ], [ 456006.599999999976717, 5277244.200000000186265 ], [ 456007.200000000011642, 5277244.200000000186265 ], [ 456007.200000000011642, 5277241.799999999813735 ], [ 456007.799999999988358, 5277241.799999999813735 ], [ 456007.799999999988358, 5277241.200000000186265 ], [ 456008.399999999965075, 5277241.200000000186265 ], [ 456008.399999999965075, 5277240.0 ], [ 456007.200000000011642, 5277240.0 ], [ 456007.200000000011642, 5277239.400000000372529 ], [ 456008.399999999965075, 5277239.400000000372529 ], [ 456008.399999999965075, 5277238.799999999813735 ], [ 456009.0, 5277238.799999999813735 ], [ 456009.0, 5277239.400000000372529 ], [ 456014.399999999965075, 5277239.400000000372529 ], [ 456014.399999999965075, 5277238.799999999813735 ], [ 456015.0, 5277238.799999999813735 ], [ 456015.0, 5277240.599999999627471 ], [ 456015.599999999976717, 5277240.599999999627471 ], [ 456015.599999999976717, 5277239.400000000372529 ], [ 456016.200000000011642, 5277239.400000000372529 ], [ 456016.200000000011642, 5277238.799999999813735 ], [ 456017.399999999965075, 5277238.799999999813735 ], [ 456017.399999999965075, 5277238.200000000186265 ], [ 456018.0, 5277238.200000000186265 ], [ 456018.0, 5277238.799999999813735 ], [ 456019.200000000011642, 5277238.799999999813735 ], [ 456019.200000000011642, 5277238.200000000186265 ], [ 456019.799999999988358, 5277238.200000000186265 ], [ 456019.799999999988358, 5277238.799999999813735 ], [ 456020.399999999965075, 5277238.799999999813735 ], [ 456020.399999999965075, 5277239.400000000372529 ], [ 456021.0, 5277239.400000000372529 ], [ 456021.0, 5277240.599999999627471 ], [ 456020.399999999965075, 5277240.599999999627471 ], [ 456020.399999999965075, 5277241.200000000186265 ], [ 456021.0, 5277241.200000000186265 ], [ 456021.0, 5277241.799999999813735 ], [ 456020.399999999965075, 5277241.799999999813735 ], [ 456020.399999999965075, 5277242.400000000372529 ], [ 456018.0, 5277242.400000000372529 ], [ 456018.0, 5277243.0 ], [ 456019.200000000011642, 5277243.0 ], [ 456019.200000000011642, 5277243.599999999627471 ], [ 456018.0, 5277243.599999999627471 ], [ 456018.0, 5277248.400000000372529 ], [ 456017.399999999965075, 5277248.400000000372529 ], [ 456017.399999999965075, 5277246.0 ], [ 456016.799999999988358, 5277246.0 ], [ 456016.799999999988358, 5277249.599999999627471 ], [ 456015.0, 5277249.599999999627471 ], [ 456015.0, 5277250.200000000186265 ], [ 456010.799999999988358, 5277250.200000000186265 ] ], [ [ 456016.799999999988358, 5277241.200000000186265 ], [ 456017.399999999965075, 5277241.200000000186265 ], [ 456017.399999999965075, 5277240.0 ], [ 456016.200000000011642, 5277240.0 ], [ 456016.200000000011642, 5277240.599999999627471 ], [ 456016.799999999988358, 5277240.599999999627471 ], [ 456016.799999999988358, 5277241.200000000186265 ] ], [ [ 456018.0, 5277241.200000000186265 ], [ 456018.599999999976717, 5277241.200000000186265 ], [ 456018.599999999976717, 5277240.599999999627471 ], [ 456018.0, 5277240.599999999627471 ], [ 456018.0, 5277241.200000000186265 ] ], [ [ 456010.200000000011642, 5277240.599999999627471 ], [ 456010.799999999988358, 5277240.599999999627471 ], [ 456010.799999999988358, 5277240.0 ], [ 456010.200000000011642, 5277240.0 ], [ 456010.200000000011642, 5277240.599999999627471 ] ] ] } },
{ "type": "Feature", "properties": { "area_m2": 303.8399999977924, "perimeter_m": 198.0000000030268, "distance_to_river_m": 2.075944017862374 }, "geometry": { "type": "Polygon", "coordinates": [ [ [ 455873.399999999965075, 5277274.200000000186265 ], [ 455873.399999999965075, 5277271.799999999813735 ], [ 455872.799999999988358, 5277271.799999999813735 ], [ 455872.799999999988358, 5277271.200000000186265 ], [ 455872.200000000011642, 5277271.200000000186265 ], [ 455872.200000000011642, 5277270.599999999627471 ], [ 455873.399999999965075, 5277270.599999999627471 ], [ 455873.399999999965075, 5277270.0 ], [ 455872.200000000011642, 5277270.0 ], [ 455872.200000000011642, 5277269.400000000372529 ], [ 455871.599999999976717, 5277269.400000000372529 ], [ 455871.599999999976717, 5277268.799999999813735 ], [ 455872.799999999988358, 5277268.799999999813735 ], [ 455872.799999999988358, 5277269.400000000372529 ], [ 455873.399999999965075, 5277269.400000000372529 ], [ 455873.399999999965075, 5277268.799999999813735 ], [ 455874.0, 5277268.799999999813735 ], [ 455874.0, 5277268.200000000186265 ], [ 455875.200000000011642, 5277268.200000000186265 ], [ 455875.200000000011642, 5277267.0 ], [ 455875.799999999988358, 5277267.0 ], [ 455875.799999999988358, 5277266.400000000372529 ], [ 455876.399999999965075, 5277266.400000000372529 ], [ 455876.399999999965075, 5277265.200000000186265 ], [ 455877.0, 5277265.200000000186265 ], [ 455877.0, 5277264.0 ], [ 455878.200000000011642, 5277264.0 ], [ 455878.200000000011642, 5277259.799999999813735 ], [ 455878.799999999988358, 5277259.799999999813735 ], [ 455878.799999999988358, 5277259.200000000186265 ], [ 455878.200000000011642, 5277259.200000000186265 ], [ 455878.200000000011642, 5277258.599999999627471 ], [ 455877.0, 5277258.599999999627471 ], [ 455877.0, 5277258.0 ], [ 455878.799999999988358, 5277258.0 ], [ 455878.799999999988358, 5277256.799999999813735 ], [ 455877.599999999976717, 5277256.799999999813735 ], [ 455877.599999999976717, 5277255.599999999627471 ], [ 455876.399999999965075, 5277255.599999999627471 ], [ 455876.399999999965075, 5277254.400000000372529 ], [ 455874.599999999976717, 5277254.400000000372529 ], [ 455874.599999999976717, 5277253.200000000186265 ], [ 455874.0, 5277253.200000000186265 ], [ 455874.0, 5277252.0 ], [ 455872.200000000011642, 5277252.0 ], [ 455872.200000000011642, 5277250.799999999813735 ], [ 455871.599999999976717, 5277250.799999999813735 ], [ 455871.599999999976717, 5277250.200000000186265 ], [ 455872.200000000011642, 5277250.200000000186265 ], [ 455872.200000000011642, 5277243.0 ], [ 455872.799999999988358, 5277243.0 ], [ 455872.799999999988358, 5277242.400000000372529 ], [ 455872.200000000011642, 5277242.400000000372529 ], [ 455872.200000000011642, 5277240.599999999627471 ], [ 455872.799999999988358, 5277240.599999999627471 ], [ 455872.799999999988358, 5277240.0 ], [ 455871.599999999976717, 5277240.0 ], [ 455871.599999999976717, 5277238.799999999813735 ], [ 455872.200000000011642, 5277238.799999999813735 ], [ 455872.200000000011642, 5277239.400000000372529 ], [ 455872.799999999988358, 5277239.400000000372529 ], [ 455872.799999999988358, 5277238.799999999813735 ], [ 455874.0, 5277238.799999999813735 ], [ 455874.0, 5277238.200000000186265 ], [ 455874.599999999976717, 5277238.200000000186265 ], [ 455874.599999999976717, 5277238.799999999813735 ], [ 455875.200000000011642, 5277238.799999999813735 ], [ 455875.200000000011642, 5277237.599999999627471 ], [ 455875.799999999988358, 5277237.599999999627471 ], [ 455875.799999999988358, 5277238.200000000186265 ], [ 455877.0, 5277238.200000000186265 ], [ 455877.0, 5277237.599999999627471 ], [ 455877.599999999976717, 5277237.599999999627471 ], [ 455877.599999999976717, 5277238.200000000186265 ], [ 455879.399999999965075, 5277238.200000000186265 ], [ 455879.399999999965075, 5277239.400000000372529 ], [ 455880.0, 5277239.400000000372529 ], [ 455880.0, 5277238.799999999813735 ], [ 455881.799999999988358, 5277238.799999999813735 ], [ 455881.799999999988358, 5277238.200000000186265 ], [ 455882.399999999965075, 5277238.200000000186265 ], [ 455882.399999999965075, 5277238.799999999813735 ], [ 455883.599999999976717, 5277238.799999999813735 ], [ 455883.599999999976717, 5277239.400000000372529 ], [ 455884.799999999988358, 5277239.400000000372529 ], [ 455884.799999999988358, 5277240.599999999627471 ], [ 455885.399999999965075, 5277240.599999999627471 ], [ 455885.399999999965075, 5277241.799999999813735 ], [ 455884.799999999988358, 5277241.799999999813735 ], [ 455884.799999999988358, 5277242.400000000372529 ], [ 455884.200000000011642, 5277242.400000000372529 ], [ 455884.200000000011642, 5277243.0 ], [ 455884.799999999988358, 5277243.0 ], [ 455884.799999999988358, 5277243.599999999627471 ], [ 455884.200000000011642, 5277243.599999999627471 ], [ 455884.200000000011642, 5277244.799999999813735 ], [ 455883.0, 5277244.799999999813735 ], [ 455883.0, 5277245.400000000372529 ], [ 455883.599999999976717, 5277245.400000000372529 ], [ 455883.599999999976717, 5277246.0 ], [ 455883.0, 5277246.0 ], [ 455883.0, 5277247.200000000186265 ], [ 455882.399999999965075, 5277247.200000000186265 ], [ 455882.399999999965075, 5277247.799999999813735 ], [ 455883.0, 5277247.799999999813735 ], [ 455883.0, 5277248.400000000372529 ], [ 455882.399999999965075, 5277248.400000000372529 ], [ 455882.399999999965075, 5277249.0 ], [ 455883.0, 5277249.0 ], [ 455883.0, 5277249.599999999627471 ], [ 455882.399999999965075, 5277249.599999999627471 ], [ 455882.399999999965075, 5277250.200000000186265 ], [ 455883.599999999976717, 5277250.200000000186265 ], [ 455883.599999999976717, 5277250.799999999813735 ], [ 455883.0, 5277250.799999999813735 ], [ 455883.0, 5277251.400000000372529 ], [ 455884.200000000011642, 5277251.400000000372529 ], [ 455884.200000000011642, 5277252.0 ], [ 455883.0, 5277252.0 ], [ 455883.0, 5277252.599999999627471 ], [ 455883.599999999976717, 5277252.599999999627471 ], [ 455883.599999999976717, 5277253.200000000186265 ], [ 455883.0, 5277253.200000000186265 ], [ 455883.0, 5277253.799999999813735 ], [ 455882.399999999965075, 5277253.799999999813735 ], [ 455882.399999999965075, 5277255.0 ], [ 455881.799999999988358, 5277255.0 ], [ 455881.799999999988358, 5277256.799999999813735 ], [ 455880.599999999976717, 5277256.799999999813735 ], [ 455880.599999999976717, 5277256.200000000186265 ], [ 455880.0, 5277256.200000000186265 ], [ 455880.0, 5277258.599999999627471 ], [ 455880.599999999976717, 5277258.599999999627471 ], [ 455880.599999999976717, 5277259.200000000186265 ], [ 455880.0, 5277259.200000000186265 ], [ 455880.0, 5277259.799999999813735 ], [ 455880.599999999976717, 5277259.799999999813735 ], [ 455880.599999999976717, 5277260.400000000372529 ], [ 455880.0, 5277260.400000000372529 ], [ 455880.0, 5277262.200000000186265 ], [ 455880.599999999976717, 5277262.200000000186265 ], [ 455880.599999999976717, 5277262.799999999813735 ], [ 455880.0, 5277262.799999999813735 ], [ 455880.0, 5277263.400000000372529 ], [ 455880.599999999976717, 5277263.400000000372529 ], [ 455880.599999999976717, 5277266.400000000372529 ], [ 455881.200000000011642, 5277266.400000000372529 ], [ 455881.200000000011642, 5277265.799999999813735 ], [ 455881.799999999988358, 5277265.799999999813735 ], [ 455881.799999999988358, 5277266.400000000372529 ], [ 455883.0, 5277266.400000000372529 ], [ 455883.0, 5277265.799999999813735 ], [ 455883.599999999976717, 5277265.799999999813735 ], [ 455883.599999999976717, 5277265.200000000186265 ], [ 455884.200000000011642, 5277265.200000000186265 ], [ 455884.200000000011642, 5277264.599999999627471 ], [ 455885.399999999965075, 5277264.599999999627471 ], [ 455885.399999999965075, 5277263.400000000372529 ], [ 455886.0, 5277263.400000000372529 ], [ 455886.0, 5277264.0 ], [ 455886.599999999976717, 5277264.0 ], [ 455886.599999999976717, 5277262.799999999813735 ], [ 455887.200000000011642, 5277262.799999999813735 ], [ 455887.200000000011642, 5277264.0 ], [ 455887.799999999988358, 5277264.0 ], [ 455887.799999999988358, 5277263.400000000372529 ], [ 455888.399999999965075, 5277263.400000000372529 ], [ 455888.399999999965075, 5277264.599999999627471 ], [ 455889.599999999976717, 5277264.599999999627471 ], [ 455889.599999999976717, 5277265.200000000186265 ], [ 455890.200000000011642, 5277265.200000000186265 ], [ 455890.200000000011642, 5277266.400000000372529 ], [ 455890.799999999988358, 5277266.400000000372529 ], [ 455890.799999999988358, 5277267.0 ], [ 455890.200000000011642, 5277267.0 ], [ 455890.200000000011642, 5277267.599999999627471 ], [ 455887.200000000011642, 5277267.599999999627471 ], [ 455887.200000000011642, 5277268.200000000186265 ], [ 455889.0, 5277268.200000000186265 ], [ 455889.0, 5277268.799999999813735 ], [ 455889.599999999976717, 5277268.799999999813735 ], [ 455889.599999999976717, 5277269.400000000372529 ], [ 455889.0, 5277269.400000000372529 ], [ 455889.0, 5277270.0 ], [ 455887.200000000011642, 5277270.0 ], [ 455887.200000000011642, 5277270.599999999627471 ], [ 455886.599999999976717, 5277270.599999999627471 ], [ 455886.599999999976717, 5277268.799999999813735 ], [ 455886.0, 5277268.799999999813735 ], [ 455886.0, 5277270.0 ], [ 455885.399999999965075, 5277270.0 ], [ 455885.399999999965075, 5277267.599999999627471 ], [ 455883.599999999976717, 5277267.599999999627471 ], [ 455883.599999999976717, 5277268.799999999813735 ], [ 455883.0, 5277268.799999999813735 ], [ 455883.0, 5277268.200000000186265 ], [ 455882.399999999965075, 5277268.200000000186265 ], [ 455882.399999999965075, 5277271.799999999813735 ], [ 455881.799999999988358, 5277271.799999999813735 ], [ 455881.799999999988358, 5277272.400000000372529 ], [ 455880.0, 5277272.400000000372529 ], [ 455880.0, 5277274.200000000186265 ], [ 455879.399999999965075, 5277274.200000000186265 ], [ 455879.399999999965075, 5277272.400000000372529 ], [ 455878.799999999988358, 5277272.400000000372529 ], [ 455878.799999999988358, 5277273.0 ], [ 455875.200000000011642, 5277273.0 ], [ 455875.200000000011642, 5277273.599999999627471 ], [ 455874.599999999976717, 5277273.599999999627471 ], [ 455874.599999999976717, 5277274.200000000186265 ], [ 455873.399999999965075, 5277274.200000000186265 ] ] ] } },
{ "type": "Feature", "properties": { "area_m2": 139.68000000215133, "perimeter_m": 74.40000000083819, "distance_to_river_m": 0.0 }, "geometry": { "type": "Polygon", "coordinates": [ [ [ 455963.399999999965075, 5277252.0 ], [ 455963.399999999965075, 5277251.400000000372529 ], [ 455961.599999999976717, 5277251.400000000372529 ], [ 455961.599999999976717, 5277250.200000000186265 ], [ 455960.399999999965075, 5277250.200000000186265 ], [ 455960.399999999965075, 5277249.599999999627471 ], [ 455959.799999999988358, 5277249.599999999627471 ], [ 455959.799999999988358, 5277244.200000000186265 ], [ 455959.200000000011642, 5277244.200000000186265 ], [ 455959.200000000011642, 5277243.599999999627471 ], [ 455960.399999999965075, 5277243.599999999627471 ], [ 455960.399999999965075, 5277243.0 ], [ 455961.599999999976717, 5277243.0 ], [ 455961.599999999976717, 5277241.799999999813735 ], [ 455962.799999999988358, 5277241.799999999813735 ], [ 455962.799999999988358, 5277240.599999999627471 ], [ 455963.399999999965075, 5277240.599999999627471 ], [ 455963.399999999965075, 5277241.200000000186265 ], [ 455964.0, 5277241.200000000186265 ], [ 455964.0, 5277240.599999999627471 ], [ 455964.599999999976717, 5277240.599999999627471 ], [ 455964.599999999976717, 5277240.0 ], [ 455964.0, 5277240.0 ], [ 455964.0, 5277239.400000000372529 ], [ 455964.599999999976717, 5277239.400000000372529 ], [ 455964.599999999976717, 5277238.799999999813735 ], [ 455967.0, 5277238.799999999813735 ], [ 455967.0, 5277239.400000000372529 ], [ 455967.599999999976717, 5277239.400000000372529 ], [ 455967.599999999976717, 5277238.799999999813735 ], [ 455970.599999999976717, 5277238.799999999813735 ], [ 455970.599999999976717, 5277238.200000000186265 ], [ 455971.200000000011642, 5277238.200000000186265 ], [ 455971.200000000011642, 5277237.599999999627471 ], [ 455971.799999999988358, 5277237.599999999627471 ], [ 455971.799999999988358, 5277238.200000000186265 ], [ 455972.399999999965075, 5277238.200000000186265 ], [ 455972.399999999965075, 5277238.799999999813735 ], [ 455973.0, 5277238.799999999813735 ], [ 455973.0, 5277239.400000000372529 ], [ 455973.599999999976717, 5277239.400000000372529 ], [ 455973.599999999976717, 5277240.0 ], [ 455972.399999999965075, 5277240.0 ], [ 455972.399999999965075, 5277240.599999999627471 ], [ 455971.799999999988358, 5277240.599999999627471 ], [ 455971.799999999988358, 5277240.0 ], [ 455971.200000000011642, 5277240.0 ], [ 455971.200000000011642, 5277240.599999999627471 ], [ 455970.599999999976717, 5277240.599999999627471 ], [ 455970.599999999976717, 5277240.0 ], [ 455970.0, 5277240.0 ], [ 455970.0, 5277241.200000000186265 ], [ 455971.799999999988358, 5277241.200000000186265 ], [ 455971.799999999988358, 5277241.799999999813735 ], [ 455972.399999999965075, 5277241.799999999813735 ], [ 455972.399999999965075, 5277242.400000000372529 ], [ 455971.200000000011642, 5277242.400000000372529 ], [ 455971.200000000011642, 5277243.0 ], [ 455971.799999999988358, 5277243.0 ], [ 455971.799999999988358, 5277244.799999999813735 ], [ 455972.399999999965075, 5277244.799999999813735 ], [ 455972.399999999965075, 5277249.0 ], [ 455971.799999999988358, 5277249.0 ], [ 455971.799999999988358, 5277250.200000000186265 ], [ 455971.200000000011642, 5277250.200000000186265 ], [ 455971.200000000011642, 5277250.799999999813735 ], [ 455970.0, 5277250.799999999813735 ], [ 455970.0, 5277252.0 ], [ 455969.399999999965075, 5277252.0 ], [ 455969.399999999965075, 5277250.799999999813735 ], [ 455968.799999999988358, 5277250.799999999813735 ], [ 455968.799999999988358, 5277252.0 ], [ 455964.599999999976717, 5277252.0 ], [ 455964.599999999976717, 5277251.400000000372529 ], [ 455964.0, 5277251.400000000372529 ], [ 455964.0, 5277252.0 ], [ 455963.399999999965075, 5277252.0 ] ] ] } },
{ "type": "Feature", "properties": { "area_m2": 86.399999998218789, "perimeter_m": 73.200000000186265, "distance_to_river_m": 0.0 }, "geometry": { "type": "Polygon", "coordinates": [ [ [ 456037.799999999988358, 5277247.799999999813735 ], [ 456037.799999999988358, 5277247.200000000186265 ], [ 456037.200000000011642, 5277247.200000000186265 ], [ 456037.200000000011642, 5277246.0 ], [ 456035.399999999965075, 5277246.0 ], [ 456035.399999999965075, 5277246.599999999627471 ], [ 456034.799999999988358, 5277246.599999999627471 ], [ 456034.799999999988358, 5277246.0 ], [ 456033.0, 5277246.0 ], [ 456033.0, 5277245.400000000372529 ], [ 456032.399999999965075, 5277245.400000000372529 ], [ 456032.399999999965075, 5277244.799999999813735 ], [ 456030.0, 5277244.799999999813735 ], [ 456030.0, 5277244.200000000186265 ], [ 456027.599999999976717, 5277244.200000000186265 ], [ 456027.599999999976717, 5277243.599999999627471 ], [ 456027.0, 5277243.599999999627471 ], [ 456027.0, 5277242.400000000372529 ], [ 456026.399999999965075, 5277242.400000000372529 ], [ 456026.399999999965075, 5277241.799999999813735 ], [ 456027.0, 5277241.799999999813735 ], [ 456027.0, 5277240.599999999627471 ], [ 456027.599999999976717, 5277240.599999999627471 ], [ 456027.599999999976717, 5277240.0 ], [ 456026.399999999965075, 5277240.0 ], [ 456026.399999999965075, 5277238.799999999813735 ], [ 456027.0, 5277238.799999999813735 ], [ 456027.0, 5277238.200000000186265 ], [ 456028.200000000011642, 5277238.200000000186265 ], [ 456028.200000000011642, 5277237.599999999627471 ], [ 456028.799999999988358, 5277237.599999999627471 ], [ 456028.799999999988358, 5277238.200000000186265 ], [ 456030.0, 5277238.200000000186265 ], [ 456030.0, 5277237.0 ], [ 456031.200000000011642, 5277237.0 ], [ 456031.200000000011642, 5277237.599999999627471 ], [ 456030.599999999976717, 5277237.599999999627471 ], [ 456030.599999999976717, 5277238.200000000186265 ], [ 456031.200000000011642, 5277238.200000000186265 ], [ 456031.200000000011642, 5277238.799999999813735 ], [ 456031.799999999988358, 5277238.799999999813735 ], [ 456031.799999999988358, 5277238.200000000186265 ], [ 456033.0, 5277238.200000000186265 ], [ 456033.0, 5277237.599999999627471 ], [ 456032.399999999965075, 5277237.599999999627471 ], [ 456032.399999999965075, 5277237.0 ], [ 456034.200000000011642, 5277237.0 ], [ 456034.200000000011642, 5277237.599999999627471 ], [ 456033.599999999976717, 5277237.599999999627471 ], [ 456033.599999999976717, 5277238.200000000186265 ], [ 456037.799999999988358, 5277238.200000000186265 ], [ 456037.799999999988358, 5277239.400000000372529 ], [ 456038.399999999965075, 5277239.400000000372529 ], [ 456038.399999999965075, 5277240.0 ], [ 456034.200000000011642, 5277240.0 ], [ 456034.200000000011642, 5277241.200000000186265 ], [ 456034.799999999988358, 5277241.200000000186265 ], [ 456034.799999999988358, 5277240.599999999627471 ], [ 456035.399999999965075, 5277240.599999999627471 ], [ 456035.399999999965075, 5277241.200000000186265 ], [ 456038.399999999965075, 5277241.200000000186265 ], [ 456038.399999999965075, 5277241.799999999813735 ], [ 456039.0, 5277241.799999999813735 ], [ 456039.0, 5277241.200000000186265 ], [ 456039.599999999976717, 5277241.200000000186265 ], [ 456039.599999999976717, 5277243.0 ], [ 456040.200000000011642, 5277243.0 ], [ 456040.200000000011642, 5277243.599999999627471 ], [ 456040.799999999988358, 5277243.599999999627471 ], [ 456040.799999999988358, 5277244.200000000186265 ], [ 456039.599999999976717, 5277244.200000000186265 ], [ 456039.599999999976717, 5277246.0 ], [ 456038.399999999965075, 5277246.0 ], [ 456038.399999999965075, 5277247.799999999813735 ], [ 456037.799999999988358, 5277247.799999999813735 ] ] ] } },
{ "type": "Feature", "properties": { "area_m2": 1307.5199999933079, "perimeter_m": 347.99999999557622, "distance_to_river_m": 0.0 }, "geometry": { "type": "Polygon", "coordinates": [ [ [ 456388.200000000011642, 5277282.0 ], [ 456388.200000000011642, 5277281.399999999441206 ], [ 456387.599999999976717, 5277281.399999999441206 ], [ 456387.599999999976717, 5277280.799999999813735 ], [ 456388.200000000011642, 5277280.799999999813735 ], [ 456388.200000000011642, 5277280.200000000186265 ], [ 456387.599999999976717, 5277280.200000000186265 ], [ 456387.599999999976717, 5277279.599999999627471 ], [ 456385.200000000011642, 5277279.599999999627471 ], [ 456385.200000000011642, 5277279.0 ], [ 456383.399999999965075, 5277279.0 ], [ 456383.399999999965075, 5277279.599999999627471 ], [ 456381.599999999976717, 5277279.599999999627471 ], [ 456381.599999999976717, 5277280.200000000186265 ], [ 456381.0, 5277280.200000000186265 ], [ 456381.0, 5277279.599999999627471 ], [ 456380.399999999965075, 5277279.599999999627471 ], [ 456380.399999999965075, 5277280.200000000186265 ], [ 456379.799999999988358, 5277280.200000000186265 ], [ 456379.799999999988358, 5277279.599999999627471 ], [ 456379.200000000011642, 5277279.599999999627471 ], [ 456379.200000000011642, 5277280.200000000186265 ], [ 456378.0, 5277280.200000000186265 ], [ 456378.0, 5277279.599999999627471 ], [ 456376.200000000011642, 5277279.599999999627471 ], [ 456376.200000000011642, 5277279.0 ], [ 456374.399999999965075, 5277279.0 ], [ 456374.399999999965075, 5277277.799999999813735 ], [ 456373.200000000011642, 5277277.799999999813735 ], [ 456373.200000000011642, 5277279.0 ], [ 456372.599999999976717, 5277279.0 ], [ 456372.599999999976717, 5277277.799999999813735 ], [ 456372.0, 5277277.799999999813735 ], [ 456372.0, 5277277.200000000186265 ], [ 456371.399999999965075, 5277277.200000000186265 ], [ 456371.399999999965075, 5277276.0 ], [ 456369.0, 5277276.0 ], [ 456369.0, 5277274.799999999813735 ], [ 456368.399999999965075, 5277274.799999999813735 ], [ 456368.399999999965075, 5277274.200000000186265 ], [ 456367.799999999988358, 5277274.200000000186265 ], [ 456367.799999999988358, 5277272.400000000372529 ], [ 456366.599999999976717, 5277272.400000000372529 ], [ 456366.599999999976717, 5277270.0 ], [ 456364.799999999988358, 5277270.0 ], [ 456364.799999999988358, 5277270.599999999627471 ], [ 456366.0, 5277270.599999999627471 ], [ 456366.0, 5277271.200000000186265 ], [ 456364.799999999988358, 5277271.200000000186265 ], [ 456364.799999999988358, 5277272.400000000372529 ], [ 456364.200000000011642, 5277272.400000000372529 ], [ 456364.200000000011642, 5277271.799999999813735 ], [ 456363.599999999976717, 5277271.799999999813735 ], [ 456363.599999999976717, 5277272.400000000372529 ], [ 456362.399999999965075, 5277272.400000000372529 ], [ 456362.399999999965075, 5277274.200000000186265 ], [ 456361.200000000011642, 5277274.200000000186265 ], [ 456361.200000000011642, 5277274.799999999813735 ], [ 456360.599999999976717, 5277274.799999999813735 ], [ 456360.599999999976717, 5277274.200000000186265 ], [ 456360.0, 5277274.200000000186265 ], [ 456360.0, 5277274.799999999813735 ], [ 456356.399999999965075, 5277274.799999999813735 ], [ 456356.399999999965075, 5277272.400000000372529 ], [ 456353.399999999965075, 5277272.400000000372529 ], [ 456353.399999999965075, 5277271.799999999813735 ], [ 456352.799999999988358, 5277271.799999999813735 ], [ 456352.799999999988358, 5277271.200000000186265 ], [ 456352.200000000011642, 5277271.200000000186265 ], [ 456352.200000000011642, 5277270.0 ], [ 456351.599999999976717, 5277270.0 ], [ 456351.599999999976717, 5277269.400000000372529 ], [ 456351.0, 5277269.400000000372529 ], [ 456351.0, 5277268.799999999813735 ], [ 456350.399999999965075, 5277268.799999999813735 ], [ 456350.399999999965075, 5277268.200000000186265 ], [ 456351.599999999976717, 5277268.200000000186265 ], [ 456351.599999999976717, 5277266.400000000372529 ], [ 456352.200000000011642, 5277266.400000000372529 ], [ 456352.200000000011642, 5277265.799999999813735 ], [ 456352.799999999988358, 5277265.799999999813735 ], [ 456352.799999999988358, 5277264.599999999627471 ], [ 456353.399999999965075, 5277264.599999999627471 ], [ 456353.399999999965075, 5277263.400000000372529 ], [ 456354.599999999976717, 5277263.400000000372529 ], [ 456354.599999999976717, 5277264.0 ], [ 456355.799999999988358, 5277264.0 ], [ 456355.799999999988358, 5277264.599999999627471 ], [ 456359.399999999965075, 5277264.599999999627471 ], [ 456359.399999999965075, 5277264.0 ], [ 456363.0, 5277264.0 ], [ 456363.0, 5277264.599999999627471 ], [ 456363.599999999976717, 5277264.599999999627471 ], [ 456363.599999999976717, 5277266.400000000372529 ], [ 456364.200000000011642, 5277266.400000000372529 ], [ 456364.200000000011642, 5277264.599999999627471 ], [ 456364.799999999988358, 5277264.599999999627471 ], [ 456364.799999999988358, 5277265.799999999813735 ], [ 456365.399999999965075, 5277265.799999999813735 ], [ 456365.399999999965075, 5277267.0 ], [ 456366.0, 5277267.0 ], [ 456366.0, 5277266.400000000372529 ], [ 456366.599999999976717, 5277266.400000000372529 ], [ 456366.599999999976717, 5277265.799999999813735 ], [ 456367.200000000011642, 5277265.799999999813735 ], [ 456367.200000000011642, 5277264.0 ], [ 456367.799999999988358, 5277264.0 ], [ 456367.799999999988358, 5277263.400000000372529 ], [ 456369.0, 5277263.400000000372529 ], [ 456369.0, 5277262.200000000186265 ], [ 456369.599999999976717, 5277262.200000000186265 ], [ 456369.599999999976717, 5277261.0 ], [ 456370.200000000011642, 5277261.0 ], [ 456370.200000000011642, 5277260.400000000372529 ], [ 456372.0, 5277260.400000000372529 ], [ 456372.0, 5277259.799999999813735 ], [ 456372.599999999976717, 5277259.799999999813735 ], [ 456372.599999999976717, 5277259.200000000186265 ], [ 456373.200000000011642, 5277259.200000000186265 ], [ 456373.200000000011642, 5277261.0 ], [ 456373.799999999988358, 5277261.0 ], [ 456373.799999999988358, 5277260.400000000372529 ], [ 456374.399999999965075, 5277260.400000000372529 ], [ 456374.399999999965075, 5277261.0 ], [ 456375.0, 5277261.0 ], [ 456375.0, 5277261.599999999627471 ], [ 456375.599999999976717, 5277261.599999999627471 ], [ 456375.599999999976717, 5277261.0 ], [ 456378.599999999976717, 5277261.0 ], [ 456378.599999999976717, 5277259.799999999813735 ], [ 456379.200000000011642, 5277259.799999999813735 ], [ 456379.200000000011642, 5277259.200000000186265 ], [ 456378.0, 5277259.200000000186265 ], [ 456378.0, 5277258.599999999627471 ], [ 456377.399999999965075, 5277258.599999999627471 ], [ 456377.399999999965075, 5277258.0 ], [ 456376.799999999988358, 5277258.0 ], [ 456376.799999999988358, 5277253.200000000186265 ], [ 456378.599999999976717, 5277253.200000000186265 ], [ 456378.599999999976717, 5277252.599999999627471 ], [ 456378.0, 5277252.599999999627471 ], [ 456378.0, 5277251.400000000372529 ], [ 456376.799999999988358, 5277251.400000000372529 ], [ 456376.799999999988358, 5277250.200000000186265 ], [ 456376.200000000011642, 5277250.200000000186265 ], [ 456376.200000000011642, 5277250.799999999813735 ], [ 456375.599999999976717, 5277250.799999999813735 ], [ 456375.599999999976717, 5277250.200000000186265 ], [ 456375.0, 5277250.200000000186265 ], [ 456375.0, 5277250.799999999813735 ], [ 456371.399999999965075, 5277250.799999999813735 ], [ 456371.399999999965075, 5277250.200000000186265 ], [ 456370.200000000011642, 5277250.200000000186265 ], [ 456370.200000000011642, 5277249.599999999627471 ], [ 456369.599999999976717, 5277249.599999999627471 ], [ 456369.599999999976717, 5277249.0 ], [ 456369.0, 5277249.0 ], [ 456369.0, 5277248.400000000372529 ], [ 456369.599999999976717, 5277248.400000000372529 ], [ 456369.599999999976717, 5277247.799999999813735 ], [ 456367.799999999988358, 5277247.799999999813735 ], [ 456367.799999999988358, 5277246.599999999627471 ], [ 456366.599999999976717, 5277246.599999999627471 ], [ 456366.599999999976717, 5277245.400000000372529 ], [ 456364.799999999988358, 5277245.400000000372529 ], [ 456364.799999999988358, 5277244.200000000186265 ], [ 456364.200000000011642, 5277244.200000000186265 ], [ 456364.200000000011642, 5277243.599999999627471 ], [ 456363.599999999976717, 5277243.599999999627471 ], [ 456363.599999999976717, 5277245.400000000372529 ], [ 456363.0, 5277245.400000000372529 ], [ 456363.0, 5277242.400000000372529 ], [ 456363.599999999976717, 5277242.400000000372529 ], [ 456363.599999999976717, 5277243.0 ], [ 456364.799999999988358, 5277243.0 ], [ 456364.799999999988358, 5277242.400000000372529 ], [ 456366.0, 5277242.400000000372529 ], [ 456366.0, 5277241.799999999813735 ], [ 456365.399999999965075, 5277241.799999999813735 ], [ 456365.399999999965075, 5277241.200000000186265 ], [ 456366.0, 5277241.200000000186265 ], [ 456366.0, 5277240.0 ], [ 456365.399999999965075, 5277240.0 ], [ 456365.399999999965075, 5277239.400000000372529 ], [ 456366.0, 5277239.400000000372529 ], [ 456366.0, 5277238.799999999813735 ], [ 456366.599999999976717, 5277238.799999999813735 ], [ 456366.599999999976717, 5277239.400000000372529 ], [ 456367.200000000011642, 5277239.400000000372529 ], [ 456367.200000000011642, 5277237.0 ], [ 456367.799999999988358, 5277237.0 ], [ 456367.799999999988358, 5277235.200000000186265 ], [ 456369.0, 5277235.200000000186265 ], [ 456369.0, 5277234.599999999627471 ], [ 456370.200000000011642, 5277234.599999999627471 ], [ 456370.200000000011642, 5277232.799999999813735 ], [ 456371.399999999965075, 5277232.799999999813735 ], [ 456371.399999999965075, 5277234.0 ], [ 456373.200000000011642, 5277234.0 ], [ 456373.200000000011642, 5277233.400000000372529 ], [ 456374.399999999965075, 5277233.400000000372529 ], [ 456374.399999999965075, 5277234.0 ], [ 456375.0, 5277234.0 ], [ 456375.0, 5277233.400000000372529 ], [ 456375.599999999976717, 5277233.400000000372529 ], [ 456375.599999999976717, 5277234.0 ], [ 456376.799999999988358, 5277234.0 ], [ 456376.799999999988358, 5277233.400000000372529 ], [ 456377.399999999965075, 5277233.400000000372529 ], [ 456377.399999999965075, 5277234.0 ], [ 456378.599999999976717, 5277234.0 ], [ 456378.599999999976717, 5277233.400000000372529 ], [ 456379.200000000011642, 5277233.400000000372529 ], [ 456379.200000000011642, 5277234.0 ], [ 456379.799999999988358, 5277234.0 ], [ 456379.799999999988358, 5277237.0 ], [ 456379.200000000011642, 5277237.0 ], [ 456379.200000000011642, 5277237.599999999627471 ], [ 456379.799999999988358, 5277237.599999999627471 ], [ 456379.799999999988358, 5277238.200000000186265 ], [ 456381.0, 5277238.200000000186265 ], [ 456381.0, 5277238.799999999813735 ], [ 456381.599999999976717, 5277238.799999999813735 ], [ 456381.599999999976717, 5277239.400000000372529 ], [ 456382.799999999988358, 5277239.400000000372529 ], [ 456382.799999999988358, 5277240.599999999627471 ], [ 456383.399999999965075, 5277240.599999999627471 ], [ 456383.399999999965075, 5277238.200000000186265 ], [ 456384.599999999976717, 5277238.200000000186265 ], [ 456384.599999999976717, 5277238.799999999813735 ], [ 456385.200000000011642, 5277238.799999999813735 ], [ 456385.200000000011642, 5277238.200000000186265 ], [ 456388.200000000011642, 5277238.200000000186265 ], [ 456388.200000000011642, 5277237.0 ], [ 456388.799999999988358, 5277237.0 ], [ 456388.799999999988358, 5277238.200000000186265 ], [ 456389.399999999965075, 5277238.200000000186265 ], [ 456389.399999999965075, 5277238.799999999813735 ], [ 456390.0, 5277238.799999999813735 ], [ 456390.0, 5277238.200000000186265 ], [ 456391.200000000011642, 5277238.200000000186265 ], [ 456391.200000000011642, 5277240.0 ], [ 456391.799999999988358, 5277240.0 ], [ 456391.799999999988358, 5277238.799999999813735 ], [ 456392.399999999965075, 5277238.799999999813735 ], [ 456392.399999999965075, 5277239.400000000372529 ], [ 456393.0, 5277239.400000000372529 ], [ 456393.0, 5277238.200000000186265 ], [ 456393.599999999976717, 5277238.200000000186265 ], [ 456393.599999999976717, 5277243.599999999627471 ], [ 456394.200000000011642, 5277243.599999999627471 ], [ 456394.200000000011642, 5277243.0 ], [ 456394.799999999988358, 5277243.0 ], [ 456394.799999999988358, 5277243.599999999627471 ], [ 456395.399999999965075, 5277243.599999999627471 ], [ 456395.399999999965075, 5277244.200000000186265 ], [ 456394.799999999988358, 5277244.200000000186265 ], [ 456394.799999999988358, 5277246.599999999627471 ], [ 456393.599999999976717, 5277246.599999999627471 ], [ 456393.599999999976717, 5277250.200000000186265 ], [ 456393.0, 5277250.200000000186265 ], [ 456393.0, 5277249.599999999627471 ], [ 456392.399999999965075, 5277249.599999999627471 ], [ 456392.399999999965075, 5277251.400000000372529 ], [ 456391.799999999988358, 5277251.400000000372529 ], [ 456391.799999999988358, 5277250.200000000186265 ], [ 456391.200000000011642, 5277250.200000000186265 ], [ 456391.200000000011642, 5277253.200000000186265 ], [ 456392.399999999965075, 5277253.200000000186265 ], [ 456392.399999999965075, 5277253.799999999813735 ], [ 456391.200000000011642, 5277253.799999999813735 ], [ 456391.200000000011642, 5277254.400000000372529 ], [ 456392.399999999965075, 5277254.400000000372529 ], [ 456392.399999999965075, 5277255.599999999627471 ], [ 456393.599999999976717, 5277255.599999999627471 ], [ 456393.599999999976717, 5277257.400000000372529 ], [ 456394.200000000011642, 5277257.400000000372529 ], [ 456394.200000000011642, 5277256.799999999813735 ], [ 456394.799999999988358, 5277256.799999999813735 ], [ 456394.799999999988358, 5277257.400000000372529 ], [ 456395.399999999965075, 5277257.400000000372529 ], [ 456395.399999999965075, 5277258.0 ], [ 456396.0, 5277258.0 ], [ 456396.0, 5277261.599999999627471 ], [ 456396.599999999976717, 5277261.599999999627471 ], [ 456396.599999999976717, 5277260.400000000372529 ], [ 456397.200000000011642, 5277260.400000000372529 ], [ 456397.200000000011642, 5277262.200000000186265 ], [ 456398.399999999965075, 5277262.200000000186265 ], [ 456398.399999999965075, 5277264.0 ], [ 456399.0, 5277264.0 ], [ 456399.0, 5277263.400000000372529 ], [ 456399.599999999976717, 5277263.400000000372529 ], [ 456399.599999999976717, 5277265.200000000186265 ], [ 456400.200000000011642, 5277265.200000000186265 ], [ 456400.200000000011642, 5277265.799999999813735 ], [ 456400.799999999988358, 5277265.799999999813735 ], [ 456400.799999999988358, 5277267.0 ], [ 456402.0, 5277267.0 ], [ 456402.0, 5277267.599999999627471 ], [ 456403.200000000011642, 5277267.599999999627471 ], [ 456403.200000000011642, 5277268.200000000186265 ], [ 456402.599999999976717, 5277268.200000000186265 ], [ 456402.599999999976717, 5277268.799999999813735 ], [ 456403.200000000011642, 5277268.799999999813735 ], [ 456403.200000000011642, 5277270.0 ], [ 456405.0, 5277270.0 ], [ 456405.0, 5277274.799999999813735 ], [ 456405.599999999976717, 5277274.799999999813735 ], [ 456405.599999999976717, 5277275.400000000372529 ], [ 456405.0, 5277275.400000000372529 ], [ 456405.0, 5277276.599999999627471 ], [ 456404.399999999965075, 5277276.599999999627471 ], [ 456404.399999999965075, 5277275.400000000372529 ], [ 456403.200000000011642, 5277275.400000000372529 ], [ 456403.200000000011642, 5277276.599999999627471 ], [ 456402.0, 5277276.599999999627471 ], [ 456402.0, 5277276.0 ], [ 456401.399999999965075, 5277276.0 ], [ 456401.399999999965075, 5277276.599999999627471 ], [ 456400.799999999988358, 5277276.599999999627471 ], [ 456400.799999999988358, 5277277.799999999813735 ], [ 456400.200000000011642, 5277277.799999999813735 ], [ 456400.200000000011642, 5277279.599999999627471 ], [ 456398.399999999965075, 5277279.599999999627471 ], [ 456398.399999999965075, 5277280.200000000186265 ], [ 456396.599999999976717, 5277280.200000000186265 ], [ 456396.599999999976717, 5277281.399999999441206 ], [ 456395.399999999965075, 5277281.399999999441206 ], [ 456395.399999999965075, 5277280.799999999813735 ], [ 456394.799999999988358, 5277280.799999999813735 ], [ 456394.799999999988358, 5277280.200000000186265 ], [ 456393.599999999976717, 5277280.200000000186265 ], [ 456393.599999999976717, 5277279.599999999627471 ], [ 456393.0, 5277279.599999999627471 ], [ 456393.0, 5277280.200000000186265 ], [ 456392.399999999965075, 5277280.200000000186265 ], [ 456392.399999999965075, 5277279.599999999627471 ], [ 456391.200000000011642, 5277279.599999999627471 ], [ 456391.200000000011642, 5277280.200000000186265 ], [ 456390.0, 5277280.200000000186265 ], [ 456390.0, 5277281.399999999441206 ], [ 456388.799999999988358, 5277281.399999999441206 ], [ 456388.799999999988358, 5277282.0 ], [ 456388.200000000011642, 5277282.0 ] ] ] } },
{ "type": "Feature", "properties": { "area_m2": 92.520000001131564, "perimeter_m": 55.199999996693805, "distance_to_river_m": 1.620447819060516 }, "geometry": { "type": "Polygon", "coordinates": [ [ [ 455362.799999999988358, 5277129.0 ], [ 455362.799999999988358, 5277128.400000000372529 ], [ 455362.199999999953434, 5277128.400000000372529 ], [ 455362.199999999953434, 5277127.200000000186265 ], [ 455360.399999999965075, 5277127.200000000186265 ], [ 455360.399999999965075, 5277127.799999999813735 ], [ 455359.799999999988358, 5277127.799999999813735 ], [ 455359.799999999988358, 5277127.200000000186265 ], [ 455355.0, 5277127.200000000186265 ], [ 455355.0, 5277124.799999999813735 ], [ 455353.799999999988358, 5277124.799999999813735 ], [ 455353.799999999988358, 5277124.200000000186265 ], [ 455355.0, 5277124.200000000186265 ], [ 455355.0, 5277121.799999999813735 ], [ 455354.399999999965075, 5277121.799999999813735 ], [ 455354.399999999965075, 5277120.599999999627471 ], [ 455355.599999999976717, 5277120.599999999627471 ], [ 455355.599999999976717, 5277120.0 ], [ 455356.199999999953434, 5277120.0 ], [ 455356.199999999953434, 5277120.599999999627471 ], [ 455356.799999999988358, 5277120.599999999627471 ], [ 455356.799999999988358, 5277120.0 ], [ 455357.399999999965075, 5277120.0 ], [ 455357.399999999965075, 5277120.599999999627471 ], [ 455358.0, 5277120.599999999627471 ], [ 455358.0, 5277120.0 ], [ 455358.599999999976717, 5277120.0 ], [ 455358.599999999976717, 5277119.400000000372529 ], [ 455359.199999999953434, 5277119.400000000372529 ], [ 455359.199999999953434, 5277118.799999999813735 ], [ 455360.399999999965075, 5277118.799999999813735 ], [ 455360.399999999965075, 5277120.0 ], [ 455361.0, 5277120.0 ], [ 455361.0, 5277119.400000000372529 ], [ 455364.0, 5277119.400000000372529 ], [ 455364.0, 5277120.0 ], [ 455364.599999999976717, 5277120.0 ], [ 455364.599999999976717, 5277120.599999999627471 ], [ 455365.799999999988358, 5277120.599999999627471 ], [ 455365.799999999988358, 5277121.799999999813735 ], [ 455367.0, 5277121.799999999813735 ], [ 455367.0, 5277122.400000000372529 ], [ 455367.599999999976717, 5277122.400000000372529 ], [ 455367.599999999976717, 5277126.599999999627471 ], [ 455367.0, 5277126.599999999627471 ], [ 455367.0, 5277126.0 ], [ 455366.399999999965075, 5277126.0 ], [ 455366.399999999965075, 5277127.200000000186265 ], [ 455364.0, 5277127.200000000186265 ], [ 455364.0, 5277129.0 ], [ 455362.799999999988358, 5277129.0 ] ] ] } },
{ "type": "Feature", "properties": { "area_m2": 106.92000000060764, "perimeter_m": 58.79999999946449, "distance_to_river_m": 3.1691441333941732 }, "geometry": { "type": "Polygon", "coordinates": [ [ [ 455319.0, 5277131.400000000372529 ], [ 455319.0, 5277130.799999999813735 ], [ 455317.799999999988358, 5277130.799999999813735 ], [ 455317.799999999988358, 5277128.400000000372529 ], [ 455317.199999999953434, 5277128.400000000372529 ], [ 455317.199999999953434, 5277127.799999999813735 ], [ 455316.599999999976717, 5277127.799999999813735 ], [ 455316.599999999976717, 5277127.200000000186265 ], [ 455316.0, 5277127.200000000186265 ], [ 455316.0, 5277126.599999999627471 ], [ 455315.399999999965075, 5277126.599999999627471 ], [ 455315.399999999965075, 5277126.0 ], [ 455316.599999999976717, 5277126.0 ], [ 455316.599999999976717, 5277124.799999999813735 ], [ 455316.0, 5277124.799999999813735 ], [ 455316.0, 5277123.599999999627471 ], [ 455316.599999999976717, 5277123.599999999627471 ], [ 455316.599999999976717, 5277123.0 ], [ 455317.199999999953434, 5277123.0 ], [ 455317.199999999953434, 5277122.400000000372529 ], [ 455315.399999999965075, 5277122.400000000372529 ], [ 455315.399999999965075, 5277121.200000000186265 ], [ 455314.199999999953434, 5277121.200000000186265 ], [ 455314.199999999953434, 5277120.599999999627471 ], [ 455315.399999999965075, 5277120.599999999627471 ], [ 455315.399999999965075, 5277120.0 ], [ 455316.0, 5277120.0 ], [ 455316.0, 5277120.599999999627471 ], [ 455316.599999999976717, 5277120.599999999627471 ], [ 455316.599999999976717, 5277120.0 ], [ 455317.199999999953434, 5277120.0 ], [ 455317.199999999953434, 5277119.400000000372529 ], [ 455319.0, 5277119.400000000372529 ], [ 455319.0, 5277118.799999999813735 ], [ 455319.599999999976717, 5277118.799999999813735 ], [ 455319.599999999976717, 5277118.200000000186265 ], [ 455323.199999999953434, 5277118.200000000186265 ], [ 455323.199999999953434, 5277118.799999999813735 ], [ 455324.399999999965075, 5277118.799999999813735 ], [ 455324.399999999965075, 5277119.400000000372529 ], [ 455325.0, 5277119.400000000372529 ], [ 455325.0, 5277120.0 ], [ 455325.599999999976717, 5277120.0 ], [ 455325.599999999976717, 5277123.0 ], [ 455326.199999999953434, 5277123.0 ], [ 455326.199999999953434, 5277123.599999999627471 ], [ 455325.599999999976717, 5277123.599999999627471 ], [ 455325.599999999976717, 5277124.200000000186265 ], [ 455326.199999999953434, 5277124.200000000186265 ], [ 455326.199999999953434, 5277126.0 ], [ 455325.599999999976717, 5277126.0 ], [ 455325.599999999976717, 5277127.200000000186265 ], [ 455325.0, 5277127.200000000186265 ], [ 455325.0, 5277128.400000000372529 ], [ 455324.399999999965075, 5277128.400000000372529 ], [ 455324.399999999965075, 5277129.599999999627471 ], [ 455322.599999999976717, 5277129.599999999627471 ], [ 455322.599999999976717, 5277130.200000000186265 ], [ 455323.199999999953434, 5277130.200000000186265 ], [ 455323.199999999953434, 5277130.799999999813735 ], [ 455322.599999999976717, 5277130.799999999813735 ], [ 455322.599999999976717, 5277131.400000000372529 ], [ 455319.0, 5277131.400000000372529 ] ] ] } },
{ "type": "Feature", "properties": { "area_m2": 73.440000001285256, "perimeter_m": 52.800000001210719, "distance_to_river_m": 4.0289613342548183 }, "geometry": { "type": "Polygon", "coordinates": [ [ [ 455313.0, 5277110.400000000372529 ], [ 455313.0, 5277109.799999999813735 ], [ 455312.399999999965075, 5277109.799999999813735 ], [ 455312.399999999965075, 5277107.400000000372529 ], [ 455313.0, 5277107.400000000372529 ], [ 455313.0, 5277106.799999999813735 ], [ 455312.399999999965075, 5277106.799999999813735 ], [ 455312.399999999965075, 5277106.200000000186265 ], [ 455313.0, 5277106.200000000186265 ], [ 455313.0, 5277105.599999999627471 ], [ 455314.199999999953434, 5277105.599999999627471 ], [ 455314.199999999953434, 5277105.0 ], [ 455314.799999999988358, 5277105.0 ], [ 455314.799999999988358, 5277104.400000000372529 ], [ 455316.0, 5277104.400000000372529 ], [ 455316.0, 5277103.200000000186265 ], [ 455318.399999999965075, 5277103.200000000186265 ], [ 455318.399999999965075, 5277102.0 ], [ 455319.599999999976717, 5277102.0 ], [ 455319.599999999976717, 5277099.599999999627471 ], [ 455320.199999999953434, 5277099.599999999627471 ], [ 455320.199999999953434, 5277103.200000000186265 ], [ 455320.799999999988358, 5277103.200000000186265 ], [ 455320.799999999988358, 5277102.599999999627471 ], [ 455321.399999999965075, 5277102.599999999627471 ], [ 455321.399999999965075, 5277102.0 ], [ 455322.0, 5277102.0 ], [ 455322.0, 5277102.599999999627471 ], [ 455322.599999999976717, 5277102.599999999627471 ], [ 455322.599999999976717, 5277103.200000000186265 ], [ 455325.0, 5277103.200000000186265 ], [ 455325.0, 5277106.799999999813735 ], [ 455324.399999999965075, 5277106.799999999813735 ], [ 455324.399999999965075, 5277107.400000000372529 ], [ 455323.199999999953434, 5277107.400000000372529 ], [ 455323.199999999953434, 5277108.0 ], [ 455320.799999999988358, 5277108.0 ], [ 455320.799999999988358, 5277108.599999999627471 ], [ 455321.399999999965075, 5277108.599999999627471 ], [ 455321.399999999965075, 5277109.200000000186265 ], [ 455319.599999999976717, 5277109.200000000186265 ], [ 455319.599999999976717, 5277109.799999999813735 ], [ 455319.0, 5277109.799999999813735 ], [ 455319.0, 5277109.200000000186265 ], [ 455318.399999999965075, 5277109.200000000186265 ], [ 455318.399999999965075, 5277109.799999999813735 ], [ 455317.199999999953434, 5277109.799999999813735 ], [ 455317.199999999953434, 5277110.400000000372529 ], [ 455313.0, 5277110.400000000372529 ] ] ] } },
{ "type": "Feature", "properties": { "area_m2": 985.68000000005509, "perimeter_m": 344.40000000142027, "distance_to_river_m": 0.0 }, "geometry": { "type": "Polygon", "coordinates": [ [ [ 455612.399999999965075, 5277150.599999999627471 ], [ 455612.399999999965075, 5277150.0 ], [ 455611.199999999953434, 5277150.0 ], [ 455611.199999999953434, 5277149.400000000372529 ], [ 455610.599999999976717, 5277149.400000000372529 ], [ 455610.599999999976717, 5277148.799999999813735 ], [ 455608.799999999988358, 5277148.799999999813735 ], [ 455608.799999999988358, 5277147.599999999627471 ], [ 455607.0, 5277147.599999999627471 ], [ 455607.0, 5277147.0 ], [ 455605.799999999988358, 5277147.0 ], [ 455605.799999999988358, 5277146.400000000372529 ], [ 455604.599999999976717, 5277146.400000000372529 ], [ 455604.599999999976717, 5277145.799999999813735 ], [ 455602.199999999953434, 5277145.799999999813735 ], [ 455602.199999999953434, 5277146.400000000372529 ], [ 455601.599999999976717, 5277146.400000000372529 ], [ 455601.599999999976717, 5277147.599999999627471 ], [ 455599.199999999953434, 5277147.599999999627471 ], [ 455599.199999999953434, 5277148.200000000186265 ], [ 455598.599999999976717, 5277148.200000000186265 ], [ 455598.599999999976717, 5277147.599999999627471 ], [ 455597.399999999965075, 5277147.599999999627471 ], [ 455597.399999999965075, 5277147.0 ], [ 455596.799999999988358, 5277147.0 ], [ 455596.799999999988358, 5277145.799999999813735 ], [ 455596.199999999953434, 5277145.799999999813735 ], [ 455596.199999999953434, 5277147.0 ], [ 455595.0, 5277147.0 ], [ 455595.0, 5277147.599999999627471 ], [ 455594.399999999965075, 5277147.599999999627471 ], [ 455594.399999999965075, 5277148.200000000186265 ], [ 455593.799999999988358, 5277148.200000000186265 ], [ 455593.799999999988358, 5277147.599999999627471 ], [ 455593.199999999953434, 5277147.599999999627471 ], [ 455593.199999999953434, 5277148.200000000186265 ], [ 455592.599999999976717, 5277148.200000000186265 ], [ 455592.599999999976717, 5277147.0 ], [ 455592.0, 5277147.0 ], [ 455592.0, 5277147.599999999627471 ], [ 455591.399999999965075, 5277147.599999999627471 ], [ 455591.399999999965075, 5277145.799999999813735 ], [ 455590.799999999988358, 5277145.799999999813735 ], [ 455590.799999999988358, 5277144.0 ], [ 455594.399999999965075, 5277144.0 ], [ 455594.399999999965075, 5277142.799999999813735 ], [ 455595.599999999976717, 5277142.799999999813735 ], [ 455595.599999999976717, 5277143.400000000372529 ], [ 455596.199999999953434, 5277143.400000000372529 ], [ 455596.199999999953434, 5277144.599999999627471 ], [ 455596.799999999988358, 5277144.599999999627471 ], [ 455596.799999999988358, 5277144.0 ], [ 455597.399999999965075, 5277144.0 ], [ 455597.399999999965075, 5277142.799999999813735 ], [ 455598.0, 5277142.799999999813735 ], [ 455598.0, 5277141.599999999627471 ], [ 455598.599999999976717, 5277141.599999999627471 ], [ 455598.599999999976717, 5277141.0 ], [ 455600.399999999965075, 5277141.0 ], [ 455600.399999999965075, 5277140.400000000372529 ], [ 455599.199999999953434, 5277140.400000000372529 ], [ 455599.199999999953434, 5277139.799999999813735 ], [ 455599.799999999988358, 5277139.799999999813735 ], [ 455599.799999999988358, 5277139.200000000186265 ], [ 455598.599999999976717, 5277139.200000000186265 ], [ 455598.599999999976717, 5277138.599999999627471 ], [ 455597.399999999965075, 5277138.599999999627471 ], [ 455597.399999999965075, 5277138.0 ], [ 455595.599999999976717, 5277138.0 ], [ 455595.599999999976717, 5277136.799999999813735 ], [ 455596.799999999988358, 5277136.799999999813735 ], [ 455596.799999999988358, 5277137.400000000372529 ], [ 455597.399999999965075, 5277137.400000000372529 ], [ 455597.399999999965075, 5277136.799999999813735 ], [ 455599.199999999953434, 5277136.799999999813735 ], [ 455599.199999999953434, 5277136.200000000186265 ], [ 455599.799999999988358, 5277136.200000000186265 ], [ 455599.799999999988358, 5277138.0 ], [ 455601.599999999976717, 5277138.0 ], [ 455601.599999999976717, 5277137.400000000372529 ], [ 455602.199999999953434, 5277137.400000000372529 ], [ 455602.199999999953434, 5277136.799999999813735 ], [ 455602.799999999988358, 5277136.799999999813735 ], [ 455602.799999999988358, 5277137.400000000372529 ], [ 455603.399999999965075, 5277137.400000000372529 ], [ 455603.399999999965075, 5277136.799999999813735 ], [ 455604.599999999976717, 5277136.799999999813735 ], [ 455604.599999999976717, 5277134.400000000372529 ], [ 455603.399999999965075, 5277134.400000000372529 ], [ 455603.399999999965075, 5277132.0 ], [ 455602.799999999988358, 5277132.0 ], [ 455602.799999999988358, 5277132.599999999627471 ], [ 455602.199999999953434, 5277132.599999999627471 ], [ 455602.199999999953434, 5277131.400000000372529 ], [ 455601.0, 5277131.400000000372529 ], [ 455601.0, 5277132.0 ], [ 455600.399999999965075, 5277132.0 ], [ 455600.399999999965075, 5277130.799999999813735 ], [ 455599.799999999988358, 5277130.799999999813735 ], [ 455599.799999999988358, 5277132.0 ], [ 455599.199999999953434, 5277132.0 ], [ 455599.199999999953434, 5277131.400000000372529 ], [ 455598.599999999976717, 5277131.400000000372529 ], [ 455598.599999999976717, 5277130.799999999813735 ], [ 455599.199999999953434, 5277130.799999999813735 ], [ 455599.199999999953434, 5277129.0 ], [ 455599.799999999988358, 5277129.0 ], [ 455599.799999999988358, 5277128.400000000372529 ], [ 455600.399999999965075, 5277128.400000000372529 ], [ 455600.399999999965075, 5277127.799999999813735 ], [ 455601.0, 5277127.799999999813735 ], [ 455601.0, 5277126.599999999627471 ], [ 455602.199999999953434, 5277126.599999999627471 ], [ 455602.199999999953434, 5277126.0 ], [ 455601.0, 5277126.0 ], [ 455601.0, 5277125.400000000372529 ], [ 455604.599999999976717, 5277125.400000000372529 ], [ 455604.599999999976717, 5277126.0 ], [ 455605.199999999953434, 5277126.0 ], [ 455605.199999999953434, 5277126.599999999627471 ], [ 455605.799999999988358, 5277126.599999999627471 ], [ 455605.799999999988358, 5277126.0 ], [ 455606.399999999965075, 5277126.0 ], [ 455606.399999999965075, 5277126.599999999627471 ], [ 455607.0, 5277126.599999999627471 ], [ 455607.0, 5277124.799999999813735 ], [ 455602.199999999953434, 5277124.799999999813735 ], [ 455602.199999999953434, 5277124.200000000186265 ], [ 455602.799999999988358, 5277124.200000000186265 ], [ 455602.799999999988358, 5277123.0 ], [ 455604.0, 5277123.0 ], [ 455604.0, 5277123.599999999627471 ], [ 455604.599999999976717, 5277123.599999999627471 ], [ 455604.599999999976717, 5277124.200000000186265 ], [ 455605.199999999953434, 5277124.200000000186265 ], [ 455605.199999999953434, 5277123.599999999627471 ], [ 455605.799999999988358, 5277123.599999999627471 ], [ 455605.799999999988358, 5277123.0 ], [ 455607.0, 5277123.0 ], [ 455607.0, 5277122.400000000372529 ], [ 455602.199999999953434, 5277122.400000000372529 ], [ 455602.199999999953434, 5277121.799999999813735 ], [ 455603.399999999965075, 5277121.799999999813735 ], [ 455603.399999999965075, 5277121.200000000186265 ], [ 455601.599999999976717, 5277121.200000000186265 ], [ 455601.599999999976717, 5277120.599999999627471 ], [ 455602.799999999988358, 5277120.599999999627471 ], [ 455602.799999999988358, 5277118.799999999813735 ], [ 455605.799999999988358, 5277118.799999999813735 ], [ 455605.799999999988358, 5277118.200000000186265 ], [ 455606.399999999965075, 5277118.200000000186265 ], [ 455606.399999999965075, 5277117.0 ], [ 455608.199999999953434, 5277117.0 ], [ 455608.199999999953434, 5277115.799999999813735 ], [ 455608.799999999988358, 5277115.799999999813735 ], [ 455608.799999999988358, 5277112.200000000186265 ], [ 455609.399999999965075, 5277112.200000000186265 ], [ 455609.399999999965075, 5277113.400000000372529 ], [ 455610.0, 5277113.400000000372529 ], [ 455610.0, 5277111.0 ], [ 455609.399999999965075, 5277111.0 ], [ 455609.399999999965075, 5277111.599999999627471 ], [ 455608.799999999988358, 5277111.599999999627471 ], [ 455608.799999999988358, 5277110.400000000372529 ], [ 455608.199999999953434, 5277110.400000000372529 ], [ 455608.199999999953434, 5277109.200000000186265 ], [ 455607.599999999976717, 5277109.200000000186265 ], [ 455607.599999999976717, 5277108.0 ], [ 455606.399999999965075, 5277108.0 ], [ 455606.399999999965075, 5277106.799999999813735 ], [ 455605.799999999988358, 5277106.799999999813735 ], [ 455605.799999999988358, 5277106.200000000186265 ], [ 455606.399999999965075, 5277106.200000000186265 ], [ 455606.399999999965075, 5277105.599999999627471 ], [ 455605.799999999988358, 5277105.599999999627471 ], [ 455605.799999999988358, 5277105.0 ], [ 455606.399999999965075, 5277105.0 ], [ 455606.399999999965075, 5277104.400000000372529 ], [ 455605.799999999988358, 5277104.400000000372529 ], [ 455605.799999999988358, 5277103.799999999813735 ], [ 455606.399999999965075, 5277103.799999999813735 ], [ 455606.399999999965075, 5277100.799999999813735 ], [ 455605.799999999988358, 5277100.799999999813735 ], [ 455605.799999999988358, 5277100.200000000186265 ], [ 455605.199999999953434, 5277100.200000000186265 ], [ 455605.199999999953434, 5277099.599999999627471 ], [ 455604.599999999976717, 5277099.599999999627471 ], [ 455604.599999999976717, 5277100.200000000186265 ], [ 455604.0, 5277100.200000000186265 ], [ 455604.0, 5277099.0 ], [ 455603.399999999965075, 5277099.0 ], [ 455603.399999999965075, 5277098.400000000372529 ], [ 455604.0, 5277098.400000000372529 ], [ 455604.0, 5277097.799999999813735 ], [ 455604.599999999976717, 5277097.799999999813735 ], [ 455604.599999999976717, 5277098.400000000372529 ], [ 455605.199999999953434, 5277098.400000000372529 ], [ 455605.199999999953434, 5277097.799999999813735 ], [ 455605.799999999988358, 5277097.799999999813735 ], [ 455605.799999999988358, 5277097.200000000186265 ], [ 455606.399999999965075, 5277097.200000000186265 ], [ 455606.399999999965075, 5277096.599999999627471 ], [ 455608.199999999953434, 5277096.599999999627471 ], [ 455608.199999999953434, 5277096.0 ], [ 455609.399999999965075, 5277096.0 ], [ 455609.399999999965075, 5277096.599999999627471 ], [ 455610.599999999976717, 5277096.599999999627471 ], [ 455610.599999999976717, 5277093.0 ], [ 455611.199999999953434, 5277093.0 ], [ 455611.199999999953434, 5277093.599999999627471 ], [ 455613.0, 5277093.599999999627471 ], [ 455613.0, 5277097.200000000186265 ], [ 455614.199999999953434, 5277097.200000000186265 ], [ 455614.199999999953434, 5277096.599999999627471 ], [ 455614.799999999988358, 5277096.599999999627471 ], [ 455614.799999999988358, 5277097.799999999813735 ], [ 455615.399999999965075, 5277097.799999999813735 ], [ 455615.399999999965075, 5277097.200000000186265 ], [ 455616.0, 5277097.200000000186265 ], [ 455616.0, 5277100.200000000186265 ], [ 455616.599999999976717, 5277100.200000000186265 ], [ 455616.599999999976717, 5277099.0 ], [ 455617.199999999953434, 5277099.0 ], [ 455617.199999999953434, 5277100.799999999813735 ], [ 455617.799999999988358, 5277100.799999999813735 ], [ 455617.799999999988358, 5277100.200000000186265 ], [ 455620.199999999953434, 5277100.200000000186265 ], [ 455620.199999999953434, 5277099.599999999627471 ], [ 455620.799999999988358, 5277099.599999999627471 ], [ 455620.799999999988358, 5277100.200000000186265 ], [ 455623.199999999953434, 5277100.200000000186265 ], [ 455623.199999999953434, 5277101.400000000372529 ], [ 455623.799999999988358, 5277101.400000000372529 ], [ 455623.799999999988358, 5277097.799999999813735 ], [ 455624.399999999965075, 5277097.799999999813735 ], [ 455624.399999999965075, 5277105.0 ], [ 455623.799999999988358, 5277105.0 ], [ 455623.799999999988358, 5277104.400000000372529 ], [ 455623.199999999953434, 5277104.400000000372529 ], [ 455623.199999999953434, 5277108.599999999627471 ], [ 455622.599999999976717, 5277108.599999999627471 ], [ 455622.599999999976717, 5277108.0 ], [ 455622.0, 5277108.0 ], [ 455622.0, 5277110.400000000372529 ], [ 455621.399999999965075, 5277110.400000000372529 ], [ 455621.399999999965075, 5277109.799999999813735 ], [ 455620.799999999988358, 5277109.799999999813735 ], [ 455620.799999999988358, 5277115.200000000186265 ], [ 455621.399999999965075, 5277115.200000000186265 ], [ 455621.399999999965075, 5277114.599999999627471 ], [ 455622.0, 5277114.599999999627471 ], [ 455622.0, 5277115.200000000186265 ], [ 455622.599999999976717, 5277115.200000000186265 ], [ 455622.599999999976717, 5277113.400000000372529 ], [ 455623.199999999953434, 5277113.400000000372529 ], [ 455623.199999999953434, 5277115.799999999813735 ], [ 455623.799999999988358, 5277115.799999999813735 ], [ 455623.799999999988358, 5277115.200000000186265 ], [ 455624.399999999965075, 5277115.200000000186265 ], [ 455624.399999999965075, 5277115.799999999813735 ], [ 455625.599999999976717, 5277115.799999999813735 ], [ 455625.599999999976717, 5277121.200000000186265 ], [ 455625.0, 5277121.200000000186265 ], [ 455625.0, 5277120.0 ], [ 455624.399999999965075, 5277120.0 ], [ 455624.399999999965075, 5277122.400000000372529 ], [ 455623.799999999988358, 5277122.400000000372529 ], [ 455623.799999999988358, 5277121.200000000186265 ], [ 455623.199999999953434, 5277121.200000000186265 ], [ 455623.199999999953434, 5277129.599999999627471 ], [ 455622.0, 5277129.599999999627471 ], [ 455622.0, 5277130.799999999813735 ], [ 455621.399999999965075, 5277130.799999999813735 ], [ 455621.399999999965075, 5277129.599999999627471 ], [ 455620.799999999988358, 5277129.599999999627471 ], [ 455620.799999999988358, 5277135.0 ], [ 455621.399999999965075, 5277135.0 ], [ 455621.399999999965075, 5277134.400000000372529 ], [ 455623.199999999953434, 5277134.400000000372529 ], [ 455623.199999999953434, 5277141.0 ], [ 455623.799999999988358, 5277141.0 ], [ 455623.799999999988358, 5277139.200000000186265 ], [ 455624.399999999965075, 5277139.200000000186265 ], [ 455624.399999999965075, 5277142.200000000186265 ], [ 455623.799999999988358, 5277142.200000000186265 ], [ 455623.799999999988358, 5277142.799999999813735 ], [ 455623.199999999953434, 5277142.799999999813735 ], [ 455623.199999999953434, 5277145.200000000186265 ], [ 455622.599999999976717, 5277145.200000000186265 ], [ 455622.599999999976717, 5277144.599999999627471 ], [ 455622.0, 5277144.599999999627471 ], [ 455622.0, 5277144.0 ], [ 455621.399999999965075, 5277144.0 ], [ 455621.399999999965075, 5277143.400000000372529 ], [ 455620.799999999988358, 5277143.400000000372529 ], [ 455620.799999999988358, 5277144.0 ], [ 455620.199999999953434, 5277144.0 ], [ 455620.199999999953434, 5277143.400000000372529 ], [ 455618.399999999965075, 5277143.400000000372529 ], [ 455618.399999999965075, 5277144.599999999627471 ], [ 455617.799999999988358, 5277144.599999999627471 ], [ 455617.799999999988358, 5277145.200000000186265 ], [ 455617.199999999953434, 5277145.200000000186265 ], [ 455617.199999999953434, 5277145.799999999813735 ], [ 455616.0, 5277145.799999999813735 ], [ 455616.0, 5277147.599999999627471 ], [ 455615.399999999965075, 5277147.599999999627471 ], [ 455615.399999999965075, 5277148.200000000186265 ], [ 455614.799999999988358, 5277148.200000000186265 ], [ 455614.799999999988358, 5277148.799999999813735 ], [ 455613.599999999976717, 5277148.799999999813735 ], [ 455613.599999999976717, 5277150.599999999627471 ], [ 455612.399999999965075, 5277150.599999999627471 ] ] ] } },
{ "type": "Feature", "properties": { "area_m2": 4592.1599999927239, "perimeter_m": 853.20000000204891, "distance_to_river_m": 0.0 }, "geometry": { "type": "Polygon", "coordinates": [ [ [ 455203.199999999953434, 5277122.400000000372529 ], [ 455203.199999999953434, 5277120.0 ], [ 455202.599999999976717, 5277120.0 ], [ 455202.599999999976717, 5277119.400000000372529 ], [ 455202.0, 5277119.400000000372529 ], [ 455202.0, 5277117.0 ], [ 455201.399999999965075, 5277117.0 ], [ 455201.399999999965075, 5277116.400000000372529 ], [ 455200.799999999988358, 5277116.400000000372529 ], [ 455200.799999999988358, 5277115.799999999813735 ], [ 455200.199999999953434, 5277115.799999999813735 ], [ 455200.199999999953434, 5277116.400000000372529 ], [ 455199.599999999976717, 5277116.400000000372529 ], [ 455199.599999999976717, 5277115.799999999813735 ], [ 455199.0, 5277115.799999999813735 ], [ 455199.0, 5277117.0 ], [ 455197.799999999988358, 5277117.0 ], [ 455197.799999999988358, 5277116.400000000372529 ], [ 455197.199999999953434, 5277116.400000000372529 ], [ 455197.199999999953434, 5277111.0 ], [ 455196.599999999976717, 5277111.0 ], [ 455196.599999999976717, 5277111.599999999627471 ], [ 455196.0, 5277111.599999999627471 ], [ 455196.0, 5277109.200000000186265 ], [ 455194.199999999953434, 5277109.200000000186265 ], [ 455194.199999999953434, 5277110.400000000372529 ], [ 455193.599999999976717, 5277110.400000000372529 ], [ 455193.599999999976717, 5277109.200000000186265 ], [ 455193.0, 5277109.200000000186265 ], [ 455193.0, 5277112.200000000186265 ], [ 455191.799999999988358, 5277112.200000000186265 ], [ 455191.799999999988358, 5277115.799999999813735 ], [ 455191.199999999953434, 5277115.799999999813735 ], [ 455191.199999999953434, 5277113.400000000372529 ], [ 455190.599999999976717, 5277113.400000000372529 ], [ 455190.599999999976717, 5277115.200000000186265 ], [ 455190.0, 5277115.200000000186265 ], [ 455190.0, 5277114.0 ], [ 455187.599999999976717, 5277114.0 ], [ 455187.599999999976717, 5277111.0 ], [ 455185.199999999953434, 5277111.0 ], [ 455185.199999999953434, 5277109.200000000186265 ], [ 455184.0, 5277109.200000000186265 ], [ 455184.0, 5277106.799999999813735 ], [ 455182.799999999988358, 5277106.799999999813735 ], [ 455182.799999999988358, 5277106.200000000186265 ], [ 455181.599999999976717, 5277106.200000000186265 ], [ 455181.599999999976717, 5277104.400000000372529 ], [ 455181.0, 5277104.400000000372529 ], [ 455181.0, 5277106.799999999813735 ], [ 455180.399999999965075, 5277106.799999999813735 ], [ 455180.399999999965075, 5277100.200000000186265 ], [ 455181.0, 5277100.200000000186265 ], [ 455181.0, 5277100.799999999813735 ], [ 455181.599999999976717, 5277100.799999999813735 ], [ 455181.599999999976717, 5277098.400000000372529 ], [ 455182.199999999953434, 5277098.400000000372529 ], [ 455182.199999999953434, 5277097.799999999813735 ], [ 455182.799999999988358, 5277097.799999999813735 ], [ 455182.799999999988358, 5277092.400000000372529 ], [ 455182.199999999953434, 5277092.400000000372529 ], [ 455182.199999999953434, 5277091.799999999813735 ], [ 455182.799999999988358, 5277091.799999999813735 ], [ 455182.799999999988358, 5277091.200000000186265 ], [ 455181.599999999976717, 5277091.200000000186265 ], [ 455181.599999999976717, 5277090.0 ], [ 455180.399999999965075, 5277090.0 ], [ 455180.399999999965075, 5277088.799999999813735 ], [ 455179.199999999953434, 5277088.799999999813735 ], [ 455179.199999999953434, 5277088.200000000186265 ], [ 455178.0, 5277088.200000000186265 ], [ 455178.0, 5277087.0 ], [ 455177.399999999965075, 5277087.0 ], [ 455177.399999999965075, 5277087.599999999627471 ], [ 455176.799999999988358, 5277087.599999999627471 ], [ 455176.799999999988358, 5277086.400000000372529 ], [ 455175.0, 5277086.400000000372529 ], [ 455175.0, 5277085.799999999813735 ], [ 455175.599999999976717, 5277085.799999999813735 ], [ 455175.599999999976717, 5277085.200000000186265 ], [ 455175.0, 5277085.200000000186265 ], [ 455175.0, 5277084.0 ], [ 455175.599999999976717, 5277084.0 ], [ 455175.599999999976717, 5277082.200000000186265 ], [ 455176.799999999988358, 5277082.200000000186265 ], [ 455176.799999999988358, 5277081.0 ], [ 455177.399999999965075, 5277081.0 ], [ 455177.399999999965075, 5277081.599999999627471 ], [ 455178.0, 5277081.599999999627471 ], [ 455178.0, 5277081.0 ], [ 455178.599999999976717, 5277081.0 ], [ 455178.599999999976717, 5277080.400000000372529 ], [ 455179.199999999953434, 5277080.400000000372529 ], [ 455179.199999999953434, 5277079.200000000186265 ], [ 455179.799999999988358, 5277079.200000000186265 ], [ 455179.799999999988358, 5277076.799999999813735 ], [ 455179.199999999953434, 5277076.799999999813735 ], [ 455179.199999999953434, 5277075.600000000558794 ], [ 455178.0, 5277075.600000000558794 ], [ 455178.0, 5277075.0 ], [ 455177.399999999965075, 5277075.0 ], [ 455177.399999999965075, 5277075.600000000558794 ], [ 455176.199999999953434, 5277075.600000000558794 ], [ 455176.199999999953434, 5277074.400000000372529 ], [ 455175.0, 5277074.400000000372529 ], [ 455175.0, 5277073.799999999813735 ], [ 455174.399999999965075, 5277073.799999999813735 ], [ 455174.399999999965075, 5277072.0 ], [ 455173.799999999988358, 5277072.0 ], [ 455173.799999999988358, 5277071.400000000372529 ], [ 455174.399999999965075, 5277071.400000000372529 ], [ 455174.399999999965075, 5277070.799999999813735 ], [ 455173.799999999988358, 5277070.799999999813735 ], [ 455173.799999999988358, 5277070.200000000186265 ], [ 455174.399999999965075, 5277070.200000000186265 ], [ 455174.399999999965075, 5277069.600000000558794 ], [ 455173.799999999988358, 5277069.600000000558794 ], [ 455173.799999999988358, 5277069.0 ], [ 455174.399999999965075, 5277069.0 ], [ 455174.399999999965075, 5277067.799999999813735 ], [ 455175.0, 5277067.799999999813735 ], [ 455175.0, 5277067.200000000186265 ], [ 455176.199999999953434, 5277067.200000000186265 ], [ 455176.199999999953434, 5277066.600000000558794 ], [ 455176.799999999988358, 5277066.600000000558794 ], [ 455176.799999999988358, 5277065.400000000372529 ], [ 455177.399999999965075, 5277065.400000000372529 ], [ 455177.399999999965075, 5277064.799999999813735 ], [ 455176.799999999988358, 5277064.799999999813735 ], [ 455176.799999999988358, 5277063.600000000558794 ], [ 455178.0, 5277063.600000000558794 ], [ 455178.0, 5277061.799999999813735 ], [ 455178.599999999976717, 5277061.799999999813735 ], [ 455178.599999999976717, 5277061.200000000186265 ], [ 455177.399999999965075, 5277061.200000000186265 ], [ 455177.399999999965075, 5277060.0 ], [ 455176.799999999988358, 5277060.0 ], [ 455176.799999999988358, 5277059.400000000372529 ], [ 455174.399999999965075, 5277059.400000000372529 ], [ 455174.399999999965075, 5277058.799999999813735 ], [ 455173.799999999988358, 5277058.799999999813735 ], [ 455173.799999999988358, 5277057.600000000558794 ], [ 455173.199999999953434, 5277057.600000000558794 ], [ 455173.199999999953434, 5277057.0 ], [ 455172.599999999976717, 5277057.0 ], [ 455172.599999999976717, 5277055.799999999813735 ], [ 455172.0, 5277055.799999999813735 ], [ 455172.0, 5277052.799999999813735 ], [ 455171.399999999965075, 5277052.799999999813735 ], [ 455171.399999999965075, 5277054.0 ], [ 455170.799999999988358, 5277054.0 ], [ 455170.799999999988358, 5277050.400000000372529 ], [ 455170.199999999953434, 5277050.400000000372529 ], [ 455170.199999999953434, 5277049.799999999813735 ], [ 455169.0, 5277049.799999999813735 ], [ 455169.0, 5277047.400000000372529 ], [ 455170.199999999953434, 5277047.400000000372529 ], [ 455170.199999999953434, 5277046.200000000186265 ], [ 455170.799999999988358, 5277046.200000000186265 ], [ 455170.799999999988358, 5277045.600000000558794 ], [ 455172.0, 5277045.600000000558794 ], [ 455172.0, 5277045.0 ], [ 455172.599999999976717, 5277045.0 ], [ 455172.599999999976717, 5277044.400000000372529 ], [ 455175.0, 5277044.400000000372529 ], [ 455175.0, 5277045.0 ], [ 455176.199999999953434, 5277045.0 ], [ 455176.199999999953434, 5277044.400000000372529 ], [ 455176.799999999988358, 5277044.400000000372529 ], [ 455176.799999999988358, 5277043.799999999813735 ], [ 455177.399999999965075, 5277043.799999999813735 ], [ 455177.399999999965075, 5277043.200000000186265 ], [ 455179.799999999988358, 5277043.200000000186265 ], [ 455179.799999999988358, 5277042.600000000558794 ], [ 455181.599999999976717, 5277042.600000000558794 ], [ 455181.599999999976717, 5277042.0 ], [ 455182.799999999988358, 5277042.0 ], [ 455182.799999999988358, 5277043.200000000186265 ], [ 455184.0, 5277043.200000000186265 ], [ 455184.0, 5277043.799999999813735 ], [ 455184.599999999976717, 5277043.799999999813735 ], [ 455184.599999999976717, 5277043.200000000186265 ], [ 455185.199999999953434, 5277043.200000000186265 ], [ 455185.199999999953434, 5277043.799999999813735 ], [ 455185.799999999988358, 5277043.799999999813735 ], [ 455185.799999999988358, 5277043.200000000186265 ], [ 455187.599999999976717, 5277043.200000000186265 ], [ 455187.599999999976717, 5277042.600000000558794 ], [ 455188.199999999953434, 5277042.600000000558794 ], [ 455188.199999999953434, 5277042.0 ], [ 455188.799999999988358, 5277042.0 ], [ 455188.799999999988358, 5277041.400000000372529 ], [ 455190.0, 5277041.400000000372529 ], [ 455190.0, 5277039.600000000558794 ], [ 455189.399999999965075, 5277039.600000000558794 ], [ 455189.399999999965075, 5277039.0 ], [ 455188.799999999988358, 5277039.0 ], [ 455188.799999999988358, 5277038.400000000372529 ], [ 455189.399999999965075, 5277038.400000000372529 ], [ 455189.399999999965075, 5277037.799999999813735 ], [ 455190.0, 5277037.799999999813735 ], [ 455190.0, 5277037.200000000186265 ], [ 455190.599999999976717, 5277037.200000000186265 ], [ 455190.599999999976717, 5277036.600000000558794 ], [ 455191.799999999988358, 5277036.600000000558794 ], [ 455191.799999999988358, 5277036.0 ], [ 455191.199999999953434, 5277036.0 ], [ 455191.199999999953434, 5277034.799999999813735 ], [ 455192.399999999965075, 5277034.799999999813735 ], [ 455192.399999999965075, 5277033.600000000558794 ], [ 455191.799999999988358, 5277033.600000000558794 ], [ 455191.799999999988358, 5277033.0 ], [ 455192.399999999965075, 5277033.0 ], [ 455192.399999999965075, 5277032.400000000372529 ], [ 455191.799999999988358, 5277032.400000000372529 ], [ 455191.799999999988358, 5277031.200000000186265 ], [ 455191.199999999953434, 5277031.200000000186265 ], [ 455191.199999999953434, 5277033.600000000558794 ], [ 455190.599999999976717, 5277033.600000000558794 ], [ 455190.599999999976717, 5277032.400000000372529 ], [ 455190.0, 5277032.400000000372529 ], [ 455190.0, 5277035.400000000372529 ], [ 455189.399999999965075, 5277035.400000000372529 ], [ 455189.399999999965075, 5277034.799999999813735 ], [ 455188.199999999953434, 5277034.799999999813735 ], [ 455188.199999999953434, 5277035.400000000372529 ], [ 455187.599999999976717, 5277035.400000000372529 ], [ 455187.599999999976717, 5277036.0 ], [ 455186.399999999965075, 5277036.0 ], [ 455186.399999999965075, 5277037.200000000186265 ], [ 455185.799999999988358, 5277037.200000000186265 ], [ 455185.799999999988358, 5277036.600000000558794 ], [ 455185.199999999953434, 5277036.600000000558794 ], [ 455185.199999999953434, 5277039.0 ], [ 455184.599999999976717, 5277039.0 ], [ 455184.599999999976717, 5277037.200000000186265 ], [ 455184.0, 5277037.200000000186265 ], [ 455184.0, 5277040.799999999813735 ], [ 455183.399999999965075, 5277040.799999999813735 ], [ 455183.399999999965075, 5277040.200000000186265 ], [ 455182.199999999953434, 5277040.200000000186265 ], [ 455182.199999999953434, 5277039.0 ], [ 455182.799999999988358, 5277039.0 ], [ 455182.799999999988358, 5277039.600000000558794 ], [ 455183.399999999965075, 5277039.600000000558794 ], [ 455183.399999999965075, 5277037.799999999813735 ], [ 455182.199999999953434, 5277037.799999999813735 ], [ 455182.199999999953434, 5277036.600000000558794 ], [ 455181.0, 5277036.600000000558794 ], [ 455181.0, 5277036.0 ], [ 455179.199999999953434, 5277036.0 ], [ 455179.199999999953434, 5277036.600000000558794 ], [ 455177.399999999965075, 5277036.600000000558794 ], [ 455177.399999999965075, 5277036.0 ], [ 455176.799999999988358, 5277036.0 ], [ 455176.799999999988358, 5277036.600000000558794 ], [ 455174.399999999965075, 5277036.600000000558794 ], [ 455174.399999999965075, 5277035.400000000372529 ], [ 455173.199999999953434, 5277035.400000000372529 ], [ 455173.199999999953434, 5277034.799999999813735 ], [ 455172.599999999976717, 5277034.799999999813735 ], [ 455172.599999999976717, 5277034.200000000186265 ], [ 455172.0, 5277034.200000000186265 ], [ 455172.0, 5277033.0 ], [ 455171.399999999965075, 5277033.0 ], [ 455171.399999999965075, 5277032.400000000372529 ], [ 455170.799999999988358, 5277032.400000000372529 ], [ 455170.799999999988358, 5277031.200000000186265 ], [ 455171.399999999965075, 5277031.200000000186265 ], [ 455171.399999999965075, 5277030.600000000558794 ], [ 455170.799999999988358, 5277030.600000000558794 ], [ 455170.799999999988358, 5277029.400000000372529 ], [ 455172.0, 5277029.400000000372529 ], [ 455172.0, 5277026.400000000372529 ], [ 455172.599999999976717, 5277026.400000000372529 ], [ 455172.599999999976717, 5277025.799999999813735 ], [ 455174.399999999965075, 5277025.799999999813735 ], [ 455174.399999999965075, 5277025.200000000186265 ], [ 455175.0, 5277025.200000000186265 ], [ 455175.0, 5277025.799999999813735 ], [ 455176.799999999988358, 5277025.799999999813735 ], [ 455176.799999999988358, 5277026.400000000372529 ], [ 455181.0, 5277026.400000000372529 ], [ 455181.0, 5277025.799999999813735 ], [ 455181.599999999976717, 5277025.799999999813735 ], [ 455181.599999999976717, 5277026.400000000372529 ], [ 455182.199999999953434, 5277026.400000000372529 ], [ 455182.199999999953434, 5277025.200000000186265 ], [ 455184.0, 5277025.200000000186265 ], [ 455184.0, 5277024.600000000558794 ], [ 455183.399999999965075, 5277024.600000000558794 ], [ 455183.399999999965075, 5277024.0 ], [ 455184.0, 5277024.0 ], [ 455184.0, 5277022.799999999813735 ], [ 455185.199999999953434, 5277022.799999999813735 ], [ 455185.199999999953434, 5277023.400000000372529 ], [ 455185.799999999988358, 5277023.400000000372529 ], [ 455185.799999999988358, 5277022.799999999813735 ], [ 455187.599999999976717, 5277022.799999999813735 ], [ 455187.599999999976717, 5277023.400000000372529 ], [ 455188.199999999953434, 5277023.400000000372529 ], [ 455188.199999999953434, 5277024.0 ], [ 455187.599999999976717, 5277024.0 ], [ 455187.599999999976717, 5277025.200000000186265 ], [ 455188.799999999988358, 5277025.200000000186265 ], [ 455188.799999999988358, 5277025.799999999813735 ], [ 455190.0, 5277025.799999999813735 ], [ 455190.0, 5277026.400000000372529 ], [ 455188.199999999953434, 5277026.400000000372529 ], [ 455188.199999999953434, 5277027.600000000558794 ], [ 455188.799999999988358, 5277027.600000000558794 ], [ 455188.799999999988358, 5277028.799999999813735 ], [ 455190.599999999976717, 5277028.799999999813735 ], [ 455190.599999999976717, 5277028.200000000186265 ], [ 455191.799999999988358, 5277028.200000000186265 ], [ 455191.799999999988358, 5277025.200000000186265 ], [ 455192.399999999965075, 5277025.200000000186265 ], [ 455192.399999999965075, 5277025.799999999813735 ], [ 455193.0, 5277025.799999999813735 ], [ 455193.0, 5277026.400000000372529 ], [ 455193.599999999976717, 5277026.400000000372529 ], [ 455193.599999999976717, 5277027.600000000558794 ], [ 455194.799999999988358, 5277027.600000000558794 ], [ 455194.799999999988358, 5277028.200000000186265 ], [ 455195.399999999965075, 5277028.200000000186265 ], [ 455195.399999999965075, 5277027.600000000558794 ], [ 455196.0, 5277027.600000000558794 ], [ 455196.0, 5277028.200000000186265 ], [ 455197.199999999953434, 5277028.200000000186265 ], [ 455197.199999999953434, 5277027.600000000558794 ], [ 455197.799999999988358, 5277027.600000000558794 ], [ 455197.799999999988358, 5277028.200000000186265 ], [ 455198.399999999965075, 5277028.200000000186265 ], [ 455198.399999999965075, 5277028.799999999813735 ], [ 455199.0, 5277028.799999999813735 ], [ 455199.0, 5277028.200000000186265 ], [ 455199.599999999976717, 5277028.200000000186265 ], [ 455199.599999999976717, 5277028.799999999813735 ], [ 455200.199999999953434, 5277028.799999999813735 ], [ 455200.199999999953434, 5277028.200000000186265 ], [ 455201.399999999965075, 5277028.200000000186265 ], [ 455201.399999999965075, 5277027.600000000558794 ], [ 455203.799999999988358, 5277027.600000000558794 ], [ 455203.799999999988358, 5277027.0 ], [ 455204.399999999965075, 5277027.0 ], [ 455204.399999999965075, 5277027.600000000558794 ], [ 455206.799999999988358, 5277027.600000000558794 ], [ 455206.799999999988358, 5277028.200000000186265 ], [ 455208.0, 5277028.200000000186265 ], [ 455208.0, 5277028.799999999813735 ], [ 455209.799999999988358, 5277028.799999999813735 ], [ 455209.799999999988358, 5277028.200000000186265 ], [ 455211.599999999976717, 5277028.200000000186265 ], [ 455211.599999999976717, 5277027.600000000558794 ], [ 455212.199999999953434, 5277027.600000000558794 ], [ 455212.199999999953434, 5277026.400000000372529 ], [ 455212.799999999988358, 5277026.400000000372529 ], [ 455212.799999999988358, 5277027.600000000558794 ], [ 455213.399999999965075, 5277027.600000000558794 ], [ 455213.399999999965075, 5277023.400000000372529 ], [ 455214.0, 5277023.400000000372529 ], [ 455214.0, 5277024.0 ], [ 455214.599999999976717, 5277024.0 ], [ 455214.599999999976717, 5277022.799999999813735 ], [ 455215.799999999988358, 5277022.799999999813735 ], [ 455215.799999999988358, 5277022.200000000186265 ], [ 455216.399999999965075, 5277022.200000000186265 ], [ 455216.399999999965075, 5277022.799999999813735 ], [ 455217.0, 5277022.799999999813735 ], [ 455217.0, 5277023.400000000372529 ], [ 455217.599999999976717, 5277023.400000000372529 ], [ 455217.599999999976717, 5277022.799999999813735 ], [ 455219.399999999965075, 5277022.799999999813735 ], [ 455219.399999999965075, 5277021.600000000558794 ], [ 455220.599999999976717, 5277021.600000000558794 ], [ 455220.599999999976717, 5277021.0 ], [ 455221.199999999953434, 5277021.0 ], [ 455221.199999999953434, 5277021.600000000558794 ], [ 455221.799999999988358, 5277021.600000000558794 ], [ 455221.799999999988358, 5277021.0 ], [ 455222.399999999965075, 5277021.0 ], [ 455222.399999999965075, 5277021.600000000558794 ], [ 455223.0, 5277021.600000000558794 ], [ 455223.0, 5277022.799999999813735 ], [ 455224.199999999953434, 5277022.799999999813735 ], [ 455224.199999999953434, 5277023.400000000372529 ], [ 455226.0, 5277023.400000000372529 ], [ 455226.0, 5277024.0 ], [ 455227.199999999953434, 5277024.0 ], [ 455227.199999999953434, 5277025.200000000186265 ], [ 455229.599999999976717, 5277025.200000000186265 ], [ 455229.599999999976717, 5277031.200000000186265 ], [ 455228.399999999965075, 5277031.200000000186265 ], [ 455228.399999999965075, 5277033.0 ], [ 455227.199999999953434, 5277033.0 ], [ 455227.199999999953434, 5277033.600000000558794 ], [ 455226.599999999976717, 5277033.600000000558794 ], [ 455226.599999999976717, 5277034.200000000186265 ], [ 455226.0, 5277034.200000000186265 ], [ 455226.0, 5277033.600000000558794 ], [ 455223.0, 5277033.600000000558794 ], [ 455223.0, 5277034.799999999813735 ], [ 455222.399999999965075, 5277034.799999999813735 ], [ 455222.399999999965075, 5277036.0 ], [ 455220.0, 5277036.0 ], [ 455220.0, 5277036.600000000558794 ], [ 455219.399999999965075, 5277036.600000000558794 ], [ 455219.399999999965075, 5277036.0 ], [ 455218.799999999988358, 5277036.0 ], [ 455218.799999999988358, 5277036.600000000558794 ], [ 455217.0, 5277036.600000000558794 ], [ 455217.0, 5277040.799999999813735 ], [ 455217.599999999976717, 5277040.799999999813735 ], [ 455217.599999999976717, 5277041.400000000372529 ], [ 455218.199999999953434, 5277041.400000000372529 ], [ 455218.199999999953434, 5277040.799999999813735 ], [ 455218.799999999988358, 5277040.799999999813735 ], [ 455218.799999999988358, 5277042.0 ], [ 455220.0, 5277042.0 ], [ 455220.0, 5277042.600000000558794 ], [ 455221.199999999953434, 5277042.600000000558794 ], [ 455221.199999999953434, 5277043.200000000186265 ], [ 455222.399999999965075, 5277043.200000000186265 ], [ 455222.399999999965075, 5277043.799999999813735 ], [ 455224.799999999988358, 5277043.799999999813735 ], [ 455224.799999999988358, 5277043.200000000186265 ], [ 455226.599999999976717, 5277043.200000000186265 ], [ 455226.599999999976717, 5277043.799999999813735 ], [ 455228.399999999965075, 5277043.799999999813735 ], [ 455228.399999999965075, 5277044.400000000372529 ], [ 455229.0, 5277044.400000000372529 ], [ 455229.0, 5277043.799999999813735 ], [ 455229.599999999976717, 5277043.799999999813735 ], [ 455229.599999999976717, 5277044.400000000372529 ], [ 455231.399999999965075, 5277044.400000000372529 ], [ 455231.399999999965075, 5277045.0 ], [ 455230.799999999988358, 5277045.0 ], [ 455230.799999999988358, 5277045.600000000558794 ], [ 455229.599999999976717, 5277045.600000000558794 ], [ 455229.599999999976717, 5277049.200000000186265 ], [ 455231.399999999965075, 5277049.200000000186265 ], [ 455231.399999999965075, 5277049.799999999813735 ], [ 455230.799999999988358, 5277049.799999999813735 ], [ 455230.799999999988358, 5277050.400000000372529 ], [ 455231.399999999965075, 5277050.400000000372529 ], [ 455231.399999999965075, 5277051.0 ], [ 455232.0, 5277051.0 ], [ 455232.0, 5277051.600000000558794 ], [ 455233.199999999953434, 5277051.600000000558794 ], [ 455233.199999999953434, 5277051.0 ], [ 455233.799999999988358, 5277051.0 ], [ 455233.799999999988358, 5277050.400000000372529 ], [ 455235.599999999976717, 5277050.400000000372529 ], [ 455235.599999999976717, 5277049.799999999813735 ], [ 455236.199999999953434, 5277049.799999999813735 ], [ 455236.199999999953434, 5277050.400000000372529 ], [ 455237.399999999965075, 5277050.400000000372529 ], [ 455237.399999999965075, 5277051.600000000558794 ], [ 455238.0, 5277051.600000000558794 ], [ 455238.0, 5277052.200000000186265 ], [ 455238.599999999976717, 5277052.200000000186265 ], [ 455238.599999999976717, 5277052.799999999813735 ], [ 455240.399999999965075, 5277052.799999999813735 ], [ 455240.399999999965075, 5277055.799999999813735 ], [ 455239.799999999988358, 5277055.799999999813735 ], [ 455239.799999999988358, 5277056.400000000372529 ], [ 455237.399999999965075, 5277056.400000000372529 ], [ 455237.399999999965075, 5277060.600000000558794 ], [ 455239.199999999953434, 5277060.600000000558794 ], [ 455239.199999999953434, 5277060.0 ], [ 455239.799999999988358, 5277060.0 ], [ 455239.799999999988358, 5277060.600000000558794 ], [ 455240.399999999965075, 5277060.600000000558794 ], [ 455240.399999999965075, 5277061.799999999813735 ], [ 455242.199999999953434, 5277061.799999999813735 ], [ 455242.199999999953434, 5277064.200000000186265 ], [ 455241.599999999976717, 5277064.200000000186265 ], [ 455241.599999999976717, 5277064.799999999813735 ], [ 455242.799999999988358, 5277064.799999999813735 ], [ 455242.799999999988358, 5277062.400000000372529 ], [ 455243.399999999965075, 5277062.400000000372529 ], [ 455243.399999999965075, 5277061.200000000186265 ], [ 455244.0, 5277061.200000000186265 ], [ 455244.0, 5277060.0 ], [ 455243.399999999965075, 5277060.0 ], [ 455243.399999999965075, 5277054.0 ], [ 455244.0, 5277054.0 ], [ 455244.0, 5277054.600000000558794 ], [ 455244.599999999976717, 5277054.600000000558794 ], [ 455244.599999999976717, 5277052.799999999813735 ], [ 455245.199999999953434, 5277052.799999999813735 ], [ 455245.199999999953434, 5277055.799999999813735 ], [ 455245.799999999988358, 5277055.799999999813735 ], [ 455245.799999999988358, 5277055.200000000186265 ], [ 455246.399999999965075, 5277055.200000000186265 ], [ 455246.399999999965075, 5277054.0 ], [ 455247.0, 5277054.0 ], [ 455247.0, 5277054.600000000558794 ], [ 455247.599999999976717, 5277054.600000000558794 ], [ 455247.599999999976717, 5277056.400000000372529 ], [ 455248.199999999953434, 5277056.400000000372529 ], [ 455248.199999999953434, 5277055.200000000186265 ], [ 455248.799999999988358, 5277055.200000000186265 ], [ 455248.799999999988358, 5277055.799999999813735 ], [ 455249.399999999965075, 5277055.799999999813735 ], [ 455249.399999999965075, 5277057.0 ], [ 455250.0, 5277057.0 ], [ 455250.0, 5277055.200000000186265 ], [ 455250.599999999976717, 5277055.200000000186265 ], [ 455250.599999999976717, 5277055.799999999813735 ], [ 455251.199999999953434, 5277055.799999999813735 ], [ 455251.199999999953434, 5277056.400000000372529 ], [ 455251.799999999988358, 5277056.400000000372529 ], [ 455251.799999999988358, 5277059.400000000372529 ], [ 455251.199999999953434, 5277059.400000000372529 ], [ 455251.199999999953434, 5277060.0 ], [ 455253.0, 5277060.0 ], [ 455253.0, 5277060.600000000558794 ], [ 455252.399999999965075, 5277060.600000000558794 ], [ 455252.399999999965075, 5277061.200000000186265 ], [ 455253.0, 5277061.200000000186265 ], [ 455253.0, 5277062.400000000372529 ], [ 455252.399999999965075, 5277062.400000000372529 ], [ 455252.399999999965075, 5277063.0 ], [ 455253.0, 5277063.0 ], [ 455253.0, 5277064.200000000186265 ], [ 455252.399999999965075, 5277064.200000000186265 ], [ 455252.399999999965075, 5277064.799999999813735 ], [ 455253.0, 5277064.799999999813735 ], [ 455253.0, 5277066.0 ], [ 455253.599999999976717, 5277066.0 ], [ 455253.599999999976717, 5277064.799999999813735 ], [ 455254.199999999953434, 5277064.799999999813735 ], [ 455254.199999999953434, 5277067.200000000186265 ], [ 455254.799999999988358, 5277067.200000000186265 ], [ 455254.799999999988358, 5277066.600000000558794 ], [ 455256.0, 5277066.600000000558794 ], [ 455256.0, 5277067.200000000186265 ], [ 455258.399999999965075, 5277067.200000000186265 ], [ 455258.399999999965075, 5277067.799999999813735 ], [ 455257.799999999988358, 5277067.799999999813735 ], [ 455257.799999999988358, 5277068.400000000372529 ], [ 455256.0, 5277068.400000000372529 ], [ 455256.0, 5277070.200000000186265 ], [ 455255.399999999965075, 5277070.200000000186265 ], [ 455255.399999999965075, 5277070.799999999813735 ], [ 455254.799999999988358, 5277070.799999999813735 ], [ 455254.799999999988358, 5277071.400000000372529 ], [ 455254.199999999953434, 5277071.400000000372529 ], [ 455254.199999999953434, 5277072.600000000558794 ], [ 455253.599999999976717, 5277072.600000000558794 ], [ 455253.599999999976717, 5277072.0 ], [ 455253.0, 5277072.0 ], [ 455253.0, 5277072.600000000558794 ], [ 455252.399999999965075, 5277072.600000000558794 ], [ 455252.399999999965075, 5277071.400000000372529 ], [ 455251.199999999953434, 5277071.400000000372529 ], [ 455251.199999999953434, 5277072.0 ], [ 455250.0, 5277072.0 ], [ 455250.0, 5277071.400000000372529 ], [ 455248.799999999988358, 5277071.400000000372529 ], [ 455248.799999999988358, 5277070.799999999813735 ], [ 455246.399999999965075, 5277070.799999999813735 ], [ 455246.399999999965075, 5277069.600000000558794 ], [ 455245.799999999988358, 5277069.600000000558794 ], [ 455245.799999999988358, 5277072.0 ], [ 455245.199999999953434, 5277072.0 ], [ 455245.199999999953434, 5277073.799999999813735 ], [ 455244.0, 5277073.799999999813735 ], [ 455244.0, 5277073.200000000186265 ], [ 455244.599999999976717, 5277073.200000000186265 ], [ 455244.599999999976717, 5277072.0 ], [ 455244.0, 5277072.0 ], [ 455244.0, 5277070.200000000186265 ], [ 455243.399999999965075, 5277070.200000000186265 ], [ 455243.399999999965075, 5277069.600000000558794 ], [ 455241.599999999976717, 5277069.600000000558794 ], [ 455241.599999999976717, 5277069.0 ], [ 455243.399999999965075, 5277069.0 ], [ 455243.399999999965075, 5277068.400000000372529 ], [ 455244.0, 5277068.400000000372529 ], [ 455244.0, 5277067.799999999813735 ], [ 455243.399999999965075, 5277067.799999999813735 ], [ 455243.399999999965075, 5277067.200000000186265 ], [ 455233.799999999988358, 5277067.200000000186265 ], [ 455233.799999999988358, 5277064.200000000186265 ], [ 455234.399999999965075, 5277064.200000000186265 ], [ 455234.399999999965075, 5277060.600000000558794 ], [ 455236.799999999988358, 5277060.600000000558794 ], [ 455236.799999999988358, 5277057.600000000558794 ], [ 455236.199999999953434, 5277057.600000000558794 ], [ 455236.199999999953434, 5277058.200000000186265 ], [ 455235.599999999976717, 5277058.200000000186265 ], [ 455235.599999999976717, 5277057.600000000558794 ], [ 455235.0, 5277057.600000000558794 ], [ 455235.0, 5277058.200000000186265 ], [ 455234.399999999965075, 5277058.200000000186265 ], [ 455234.399999999965075, 5277057.0 ], [ 455233.799999999988358, 5277057.0 ], [ 455233.799999999988358, 5277055.200000000186265 ], [ 455233.199999999953434, 5277055.200000000186265 ], [ 455233.199999999953434, 5277056.400000000372529 ], [ 455232.599999999976717, 5277056.400000000372529 ], [ 455232.599999999976717, 5277055.200000000186265 ], [ 455231.399999999965075, 5277055.200000000186265 ], [ 455231.399999999965075, 5277056.400000000372529 ], [ 455230.799999999988358, 5277056.400000000372529 ], [ 455230.799999999988358, 5277057.0 ], [ 455231.399999999965075, 5277057.0 ], [ 455231.399999999965075, 5277057.600000000558794 ], [ 455230.799999999988358, 5277057.600000000558794 ], [ 455230.799999999988358, 5277058.799999999813735 ], [ 455230.199999999953434, 5277058.799999999813735 ], [ 455230.199999999953434, 5277060.0 ], [ 455229.599999999976717, 5277060.0 ], [ 455229.599999999976717, 5277060.600000000558794 ], [ 455230.199999999953434, 5277060.600000000558794 ], [ 455230.199999999953434, 5277061.200000000186265 ], [ 455229.599999999976717, 5277061.200000000186265 ], [ 455229.599999999976717, 5277063.0 ], [ 455230.199999999953434, 5277063.0 ], [ 455230.199999999953434, 5277063.600000000558794 ], [ 455229.599999999976717, 5277063.600000000558794 ], [ 455229.599999999976717, 5277065.400000000372529 ], [ 455230.199999999953434, 5277065.400000000372529 ], [ 455230.199999999953434, 5277064.799999999813735 ], [ 455230.799999999988358, 5277064.799999999813735 ], [ 455230.799999999988358, 5277065.400000000372529 ], [ 455231.399999999965075, 5277065.400000000372529 ], [ 455231.399999999965075, 5277066.600000000558794 ], [ 455232.599999999976717, 5277066.600000000558794 ], [ 455232.599999999976717, 5277065.400000000372529 ], [ 455233.199999999953434, 5277065.400000000372529 ], [ 455233.199999999953434, 5277067.200000000186265 ], [ 455228.399999999965075, 5277067.200000000186265 ], [ 455228.399999999965075, 5277066.600000000558794 ], [ 455229.0, 5277066.600000000558794 ], [ 455229.0, 5277066.0 ], [ 455226.599999999976717, 5277066.0 ], [ 455226.599999999976717, 5277066.600000000558794 ], [ 455227.799999999988358, 5277066.600000000558794 ], [ 455227.799999999988358, 5277067.200000000186265 ], [ 455226.599999999976717, 5277067.200000000186265 ], [ 455226.599999999976717, 5277067.799999999813735 ], [ 455226.0, 5277067.799999999813735 ], [ 455226.0, 5277068.400000000372529 ], [ 455230.799999999988358, 5277068.400000000372529 ], [ 455230.799999999988358, 5277069.0 ], [ 455231.399999999965075, 5277069.0 ], [ 455231.399999999965075, 5277068.400000000372529 ], [ 455232.0, 5277068.400000000372529 ], [ 455232.0, 5277069.0 ], [ 455233.799999999988358, 5277069.0 ], [ 455233.799999999988358, 5277070.200000000186265 ], [ 455234.399999999965075, 5277070.200000000186265 ], [ 455234.399999999965075, 5277068.400000000372529 ], [ 455235.0, 5277068.400000000372529 ], [ 455235.0, 5277069.0 ], [ 455235.599999999976717, 5277069.0 ], [ 455235.599999999976717, 5277070.200000000186265 ], [ 455237.399999999965075, 5277070.200000000186265 ], [ 455237.399999999965075, 5277069.600000000558794 ], [ 455238.599999999976717, 5277069.600000000558794 ], [ 455238.599999999976717, 5277070.799999999813735 ], [ 455237.399999999965075, 5277070.799999999813735 ], [ 455237.399999999965075, 5277071.400000000372529 ], [ 455239.199999999953434, 5277071.400000000372529 ], [ 455239.199999999953434, 5277072.0 ], [ 455236.799999999988358, 5277072.0 ], [ 455236.799999999988358, 5277072.600000000558794 ], [ 455238.0, 5277072.600000000558794 ], [ 455238.0, 5277073.200000000186265 ], [ 455238.599999999976717, 5277073.200000000186265 ], [ 455238.599999999976717, 5277073.799999999813735 ], [ 455238.0, 5277073.799999999813735 ], [ 455238.0, 5277074.400000000372529 ], [ 455238.599999999976717, 5277074.400000000372529 ], [ 455238.599999999976717, 5277076.200000000186265 ], [ 455241.0, 5277076.200000000186265 ], [ 455241.0, 5277076.799999999813735 ], [ 455239.799999999988358, 5277076.799999999813735 ], [ 455239.799999999988358, 5277078.0 ], [ 455239.199999999953434, 5277078.0 ], [ 455239.199999999953434, 5277079.200000000186265 ], [ 455236.799999999988358, 5277079.200000000186265 ], [ 455236.799999999988358, 5277078.0 ], [ 455235.599999999976717, 5277078.0 ], [ 455235.599999999976717, 5277077.400000000372529 ], [ 455236.199999999953434, 5277077.400000000372529 ], [ 455236.199999999953434, 5277076.799999999813735 ], [ 455233.799999999988358, 5277076.799999999813735 ], [ 455233.799999999988358, 5277076.200000000186265 ], [ 455233.199999999953434, 5277076.200000000186265 ], [ 455233.199999999953434, 5277077.400000000372529 ], [ 455232.599999999976717, 5277077.400000000372529 ], [ 455232.599999999976717, 5277075.600000000558794 ], [ 455232.0, 5277075.600000000558794 ], [ 455232.0, 5277077.400000000372529 ], [ 455231.399999999965075, 5277077.400000000372529 ], [ 455231.399999999965075, 5277078.0 ], [ 455232.0, 5277078.0 ], [ 455232.0, 5277079.200000000186265 ], [ 455231.399999999965075, 5277079.200000000186265 ], [ 455231.399999999965075, 5277079.799999999813735 ], [ 455230.799999999988358, 5277079.799999999813735 ], [ 455230.799999999988358, 5277080.400000000372529 ], [ 455232.0, 5277080.400000000372529 ], [ 455232.0, 5277084.599999999627471 ], [ 455231.399999999965075, 5277084.599999999627471 ], [ 455231.399999999965075, 5277083.400000000372529 ], [ 455230.799999999988358, 5277083.400000000372529 ], [ 455230.799999999988358, 5277087.599999999627471 ], [ 455230.199999999953434, 5277087.599999999627471 ], [ 455230.199999999953434, 5277088.200000000186265 ], [ 455229.599999999976717, 5277088.200000000186265 ], [ 455229.599999999976717, 5277089.400000000372529 ], [ 455227.799999999988358, 5277089.400000000372529 ], [ 455227.799999999988358, 5277090.599999999627471 ], [ 455227.199999999953434, 5277090.599999999627471 ], [ 455227.199999999953434, 5277091.200000000186265 ], [ 455226.0, 5277091.200000000186265 ], [ 455226.0, 5277093.0 ], [ 455225.399999999965075, 5277093.0 ], [ 455225.399999999965075, 5277092.400000000372529 ], [ 455224.799999999988358, 5277092.400000000372529 ], [ 455224.799999999988358, 5277091.799999999813735 ], [ 455224.199999999953434, 5277091.799999999813735 ], [ 455224.199999999953434, 5277091.200000000186265 ], [ 455223.599999999976717, 5277091.200000000186265 ], [ 455223.599999999976717, 5277092.400000000372529 ], [ 455223.0, 5277092.400000000372529 ], [ 455223.0, 5277091.799999999813735 ], [ 455222.399999999965075, 5277091.799999999813735 ], [ 455222.399999999965075, 5277093.0 ], [ 455221.199999999953434, 5277093.0 ], [ 455221.199999999953434, 5277093.599999999627471 ], [ 455220.0, 5277093.599999999627471 ], [ 455220.0, 5277094.200000000186265 ], [ 455221.799999999988358, 5277094.200000000186265 ], [ 455221.799999999988358, 5277096.0 ], [ 455222.399999999965075, 5277096.0 ], [ 455222.399999999965075, 5277097.799999999813735 ], [ 455221.799999999988358, 5277097.799999999813735 ], [ 455221.799999999988358, 5277098.400000000372529 ], [ 455222.399999999965075, 5277098.400000000372529 ], [ 455222.399999999965075, 5277099.0 ], [ 455220.0, 5277099.0 ], [ 455220.0, 5277099.599999999627471 ], [ 455219.399999999965075, 5277099.599999999627471 ], [ 455219.399999999965075, 5277099.0 ], [ 455218.799999999988358, 5277099.0 ], [ 455218.799999999988358, 5277101.400000000372529 ], [ 455218.199999999953434, 5277101.400000000372529 ], [ 455218.199999999953434, 5277099.0 ], [ 455217.599999999976717, 5277099.0 ], [ 455217.599999999976717, 5277099.599999999627471 ], [ 455217.0, 5277099.599999999627471 ], [ 455217.0, 5277099.0 ], [ 455215.199999999953434, 5277099.0 ], [ 455215.199999999953434, 5277103.799999999813735 ], [ 455214.599999999976717, 5277103.799999999813735 ], [ 455214.599999999976717, 5277104.400000000372529 ], [ 455215.199999999953434, 5277104.400000000372529 ], [ 455215.199999999953434, 5277105.0 ], [ 455214.599999999976717, 5277105.0 ], [ 455214.599999999976717, 5277107.400000000372529 ], [ 455214.0, 5277107.400000000372529 ], [ 455214.0, 5277108.0 ], [ 455212.799999999988358, 5277108.0 ], [ 455212.799999999988358, 5277112.799999999813735 ], [ 455211.599999999976717, 5277112.799999999813735 ], [ 455211.599999999976717, 5277114.0 ], [ 455211.0, 5277114.0 ], [ 455211.0, 5277113.400000000372529 ], [ 455210.399999999965075, 5277113.400000000372529 ], [ 455210.399999999965075, 5277114.599999999627471 ], [ 455209.799999999988358, 5277114.599999999627471 ], [ 455209.799999999988358, 5277115.200000000186265 ], [ 455209.199999999953434, 5277115.200000000186265 ], [ 455209.199999999953434, 5277117.0 ], [ 455208.599999999976717, 5277117.0 ], [ 455208.599999999976717, 5277118.799999999813735 ], [ 455209.199999999953434, 5277118.799999999813735 ], [ 455209.199999999953434, 5277118.200000000186265 ], [ 455209.799999999988358, 5277118.200000000186265 ], [ 455209.799999999988358, 5277122.400000000372529 ], [ 455209.199999999953434, 5277122.400000000372529 ], [ 455209.199999999953434, 5277121.799999999813735 ], [ 455208.599999999976717, 5277121.799999999813735 ], [ 455208.599999999976717, 5277122.400000000372529 ], [ 455208.0, 5277122.400000000372529 ], [ 455208.0, 5277121.799999999813735 ], [ 455207.399999999965075, 5277121.799999999813735 ], [ 455207.399999999965075, 5277122.400000000372529 ], [ 455206.799999999988358, 5277122.400000000372529 ], [ 455206.799999999988358, 5277119.400000000372529 ], [ 455206.199999999953434, 5277119.400000000372529 ], [ 455206.199999999953434, 5277121.799999999813735 ], [ 455205.599999999976717, 5277121.799999999813735 ], [ 455205.599999999976717, 5277121.200000000186265 ], [ 455205.0, 5277121.200000000186265 ], [ 455205.0, 5277122.400000000372529 ], [ 455204.399999999965075, 5277122.400000000372529 ], [ 455204.399999999965075, 5277121.200000000186265 ], [ 455203.799999999988358, 5277121.200000000186265 ], [ 455203.799999999988358, 5277122.400000000372529 ], [ 455203.199999999953434, 5277122.400000000372529 ] ] ] } }
]
}
